ISO-10303-21;
HEADER;
FILE_DESCRIPTION (( 'STEP AP214' ),
    '1' );
FILE_NAME ('RLM-23-1WL+.STEP',
    '2024-02-04T05:30:13',
    ( '' ),
    ( '' ),
    'SwSTEP 2.0',
    'SolidWorks 2023',
    '' );
FILE_SCHEMA (( 'AUTOMOTIVE_DESIGN' ));
ENDSEC;

DATA;
#1 = VERTEX_POINT ( 'NONE', #2201 ) ;
#2 = PRESENTATION_STYLE_ASSIGNMENT (( #2416 ) ) ;
#3 = SURFACE_STYLE_FILL_AREA ( #2345 ) ;
#4 = CARTESIAN_POINT ( 'NONE',  ( -1.290000000000001812, -6.350000000000000533, 0.5699999999999999512 ) ) ;
#5 = EDGE_LOOP ( 'NONE', ( #873, #3496, #1443, #2715 ) ) ;
#6 = VECTOR ( 'NONE', #744, 1000.000000000000000 ) ;
#7 = SURFACE_STYLE_USAGE ( .BOTH. , #26 ) ;
#8 = CARTESIAN_POINT ( 'NONE',  ( 4.899999999999999467, 5.250000000000000000, 4.570000000000000284 ) ) ;
#9 = MECHANICAL_DESIGN_GEOMETRIC_PRESENTATION_REPRESENTATION (  '', ( #3240 ), #3294 ) ;
#10 = ORIENTED_EDGE ( 'NONE', *, *, #3183, .T. ) ;
#11 = DIRECTION ( 'NONE',  ( -6.829619984160658046E-17, 1.000000000000000000, 0.000000000000000000 ) ) ;
#12 = DIRECTION ( 'NONE',  ( 0.000000000000000000, 0.000000000000000000, -1.000000000000000000 ) ) ;
#13 = MECHANICAL_DESIGN_GEOMETRIC_PRESENTATION_REPRESENTATION (  '', ( #2596 ), #1747 ) ;
#14 = CARTESIAN_POINT ( 'NONE',  ( -0.5049999999999985612, 5.250000000000000000, 1.779999999999999805 ) ) ;
#15 = EDGE_CURVE ( 'NONE', #1569, #3140, #3172, .T. ) ;
#16 = EDGE_LOOP ( 'NONE', ( #2673, #3134, #556, #1022 ) ) ;
#17 = STYLED_ITEM ( 'NONE', ( #2609 ), #1188 ) ;
#18 = CARTESIAN_POINT ( 'NONE',  ( 4.899999999999999467, 4.900000000000000355, 4.570000000000000284 ) ) ;
#19 =( LENGTH_UNIT ( ) NAMED_UNIT ( * ) SI_UNIT ( .MILLI., .METRE. ) );
#20 = PRESENTATION_LAYER_ASSIGNMENT (  '', '', ( #2490 ) ) ;
#21 = VERTEX_POINT ( 'NONE', #65 ) ;
#22 = AXIS2_PLACEMENT_3D ( 'NONE', #2652, #1561, #1509 ) ;
#23 = FACE_OUTER_BOUND ( 'NONE', #787, .T. ) ;
#24 = CARTESIAN_POINT ( 'NONE',  ( 0.5049999999999993383, -5.250000000000000000, 1.279999999999999805 ) ) ;
#25 = ORIENTED_EDGE ( 'NONE', *, *, #259, .F. ) ;
#26 = SURFACE_SIDE_STYLE ('',( #3274 ) ) ;
#27 =( LENGTH_UNIT ( ) NAMED_UNIT ( * ) SI_UNIT ( .MILLI., .METRE. ) );
#28 = AXIS2_PLACEMENT_3D ( 'NONE', #337, #1411, #2493 ) ;
#29 =( GEOMETRIC_REPRESENTATION_CONTEXT ( 3 ) GLOBAL_UNCERTAINTY_ASSIGNED_CONTEXT ( ( #1144 ) ) GLOBAL_UNIT_ASSIGNED_CONTEXT ( ( #2702, #1351, #1207 ) ) REPRESENTATION_CONTEXT ( 'NONE', 'WORKASPACE' ) );
#30 = ORIENTED_EDGE ( 'NONE', *, *, #953, .T. ) ;
#31 =( GEOMETRIC_REPRESENTATION_CONTEXT ( 3 ) GLOBAL_UNCERTAINTY_ASSIGNED_CONTEXT ( ( #1998 ) ) GLOBAL_UNIT_ASSIGNED_CONTEXT ( ( #1520, #2415, #820 ) ) REPRESENTATION_CONTEXT ( 'NONE', 'WORKASPACE' ) );
#32 = AXIS2_PLACEMENT_3D ( 'NONE', #2080, #171, #3194 ) ;
#33 = DIRECTION ( 'NONE',  ( 7.132909029509907889E-15, 1.000000000000000000, 0.000000000000000000 ) ) ;
#34 = CARTESIAN_POINT ( 'NONE',  ( -5.000000000000000000, -5.000000000000000000, 4.320000000000000284 ) ) ;
#35 = STYLED_ITEM ( 'NONE', ( #3302 ), #3292 ) ;
#36 = MECHANICAL_DESIGN_GEOMETRIC_PRESENTATION_REPRESENTATION (  '', ( #920 ), #3380 ) ;
#37 = CARTESIAN_POINT ( 'NONE',  ( 5.000000000000000888, -5.000000000000000000, 4.570000000000000284 ) ) ;
#38 = UNCERTAINTY_MEASURE_WITH_UNIT (LENGTH_MEASURE( 1.000000000000000082E-05 ), #2622, 'distance_accuracy_value', 'NONE');
#39 = DIRECTION ( 'NONE',  ( -0.000000000000000000, -1.000000000000000000, 0.000000000000000000 ) ) ;
#40 = ORIENTED_EDGE ( 'NONE', *, *, #1605, .T. ) ;
#41 = EDGE_LOOP ( 'NONE', ( #386, #940, #1265 ) ) ;
#42 = EDGE_CURVE ( 'NONE', #978, #1260, #1698, .T. ) ;
#43 = CARTESIAN_POINT ( 'NONE',  ( 6.349999999999998757, 1.249999999999999112, 0.000000000000000000 ) ) ;
#44 = PRODUCT_DEFINITION ( 'UNKNOWN', '', #2564, #1922 ) ;
#45 = ORIENTED_EDGE ( 'NONE', *, *, #1971, .T. ) ;
#46 = DIRECTION ( 'NONE',  ( -1.000000000000000000, -6.829619984160658046E-17, 0.000000000000000000 ) ) ;
#47 = FACE_OUTER_BOUND ( 'NONE', #1508, .T. ) ;
#48 = ORIENTED_EDGE ( 'NONE', *, *, #740, .F. ) ;
#49 = SURFACE_STYLE_FILL_AREA ( #3310 ) ;
#50 = CYLINDRICAL_SURFACE ( 'NONE', #2672, 0.2500000000000002220 ) ;
#51 = VERTEX_POINT ( 'NONE', #2498 ) ;
#52 = ORIENTED_EDGE ( 'NONE', *, *, #3183, .F. ) ;
#53 = ORIENTED_EDGE ( 'NONE', *, *, #1565, .F. ) ;
#54 = FACE_OUTER_BOUND ( 'NONE', #287, .T. ) ;
#55 = EDGE_CURVE ( 'NONE', #627, #1010, #1909, .T. ) ;
#56 = ORIENTED_EDGE ( 'NONE', *, *, #2269, .T. ) ;
#57 = PLANE ( 'NONE',  #2669 ) ;
#58 =( NAMED_UNIT ( * ) PLANE_ANGLE_UNIT ( ) SI_UNIT ( $, .RADIAN. ) );
#59 = EDGE_LOOP ( 'NONE', ( #889, #45, #346, #221, #2682, #3259, #1574, #644, #2799, #40 ) ) ;
#60 = UNCERTAINTY_MEASURE_WITH_UNIT (LENGTH_MEASURE( 1.000000000000000082E-05 ), #3512, 'distance_accuracy_value', 'NONE');
#61 = CIRCLE ( 'NONE', #116, 0.4000000000000006328 ) ;
#62 = DIRECTION ( 'NONE',  ( 1.000000000000000000, 0.000000000000000000, 0.000000000000000000 ) ) ;
#63 = LINE ( 'NONE', #2223, #687 ) ;
#64 = CIRCLE ( 'NONE', #2591, 0.3999999999999993006 ) ;
#65 = CARTESIAN_POINT ( 'NONE',  ( 4.999999999999999112, 5.000000000000000000, 4.570000000000000284 ) ) ;
#66 = CARTESIAN_POINT ( 'NONE',  ( -6.350000000000001421, 6.349999999999998757, 0.5699999999999999512 ) ) ;
#67 = CIRCLE ( 'NONE', #1807, 0.4000000000000006328 ) ;
#68 = SURFACE_STYLE_FILL_AREA ( #3027 ) ;
#69 = ORIENTED_EDGE ( 'NONE', *, *, #715, .T. ) ;
#70 = VERTEX_POINT ( 'NONE', #620 ) ;
#71 = COLOUR_RGB ( '',0.8627450980392157298, 0.5882352941176470784, 0.06274509803921568540 ) ;
#72 = CARTESIAN_POINT ( 'NONE',  ( -1.780000000000000693, 6.349999999999997868, 0.5699999999999999512 ) ) ;
#73 = EDGE_LOOP ( 'NONE', ( #3522, #242, #1299, #3008 ) ) ;
#74 = CARTESIAN_POINT ( 'NONE',  ( 0.5049999999999993383, 6.350999999999999979, 1.779999999999999805 ) ) ;
#75 = VECTOR ( 'NONE', #739, 1000.000000000000000 ) ;
#76 = FACE_OUTER_BOUND ( 'NONE', #991, .T. ) ;
#77 = CARTESIAN_POINT ( 'NONE',  ( 6.350000000000001421, -3.430000000000001492, 0.000000000000000000 ) ) ;
#78 = EDGE_CURVE ( 'NONE', #627, #909, #1910, .T. ) ;
#79 = MECHANICAL_DESIGN_GEOMETRIC_PRESENTATION_REPRESENTATION (  '', ( #747 ), #525 ) ;
#80 = EDGE_LOOP ( 'NONE', ( #209, #1453, #1394, #2819, #2583, #1119 ) ) ;
#81 = PRESENTATION_LAYER_ASSIGNMENT (  '', '', ( #2607 ) ) ;
#82 = LINE ( 'NONE', #1821, #1539 ) ;
#83 = CIRCLE ( 'NONE', #2792, 0.3999999999999993006 ) ;
#84 = LINE ( 'NONE', #1143, #1827 ) ;
#85 = EDGE_CURVE ( 'NONE', #204, #1606, #1947, .T. ) ;
#86 = CYLINDRICAL_SURFACE ( 'NONE', #2310, 0.3999999999999997446 ) ;
#87 = PRESENTATION_LAYER_ASSIGNMENT (  '', '', ( #2851 ) ) ;
#88 = ORIENTED_EDGE ( 'NONE', *, *, #1845, .T. ) ;
#89 = STYLED_ITEM ( 'NONE', ( #3239 ), #3231 ) ;
#90 = MECHANICAL_DESIGN_GEOMETRIC_PRESENTATION_REPRESENTATION (  '', ( #1886 ), #2798 ) ;
#91 = CARTESIAN_POINT ( 'NONE',  ( 6.349999999999998757, -1.290000000000000924, 0.000000000000000000 ) ) ;
#92 = ORIENTED_EDGE ( 'NONE', *, *, #2227, .F. ) ;
#93 = VERTEX_POINT ( 'NONE', #1106 ) ;
#94 = FILL_AREA_STYLE ('',( #2506 ) ) ;
#95 = ORIENTED_EDGE ( 'NONE', *, *, #2306, .F. ) ;
#96 = LINE ( 'NONE', #1134, #1635 ) ;
#97 = DIRECTION ( 'NONE',  ( -0.000000000000000000, -0.000000000000000000, 1.000000000000000000 ) ) ;
#98 = VERTEX_POINT ( 'NONE', #847 ) ;
#99 = EDGE_CURVE ( 'NONE', #2346, #204, #2448, .T. ) ;
#100 = CARTESIAN_POINT ( 'NONE',  ( -0.8900000000000014566, -6.350000000000000533, 0.000000000000000000 ) ) ;
#101 = SURFACE_STYLE_FILL_AREA ( #2477 ) ;
#102 = EDGE_CURVE ( 'NONE', #1757, #2208, #3023, .T. ) ;
#103 = CARTESIAN_POINT ( 'NONE',  ( -5.250000000000000888, 5.000000000000000000, 4.320000000000000284 ) ) ;
#104 = CARTESIAN_POINT ( 'NONE',  ( -5.250000000000000888, 4.900000000000000355, 4.570000000000000284 ) ) ;
#105 = DIRECTION ( 'NONE',  ( 1.365923996832131856E-16, -1.000000000000000000, 0.000000000000000000 ) ) ;
#106 = ORIENTED_EDGE ( 'NONE', *, *, #461, .T. ) ;
#107 = DIRECTION ( 'NONE',  ( -0.000000000000000000, 0.000000000000000000, 1.000000000000000000 ) ) ;
#108 = ORIENTED_EDGE ( 'NONE', *, *, #1323, .T. ) ;
#109 = DIRECTION ( 'NONE',  ( 1.000000000000000000, 0.000000000000000000, 0.000000000000000000 ) ) ;
#110 =( NAMED_UNIT ( * ) SI_UNIT ( $, .STERADIAN. ) SOLID_ANGLE_UNIT ( ) );
#111 = DIRECTION ( 'NONE',  ( 1.000000000000000000, 0.000000000000000000, 0.000000000000000000 ) ) ;
#112 = CARTESIAN_POINT ( 'NONE',  ( -6.350000000000000533, -1.290000000000000924, 0.000000000000000000 ) ) ;
#113 = VERTEX_POINT ( 'NONE', #3038 ) ;
#114 = FACE_OUTER_BOUND ( 'NONE', #2753, .T. ) ;
#115 = PRESENTATION_LAYER_ASSIGNMENT (  '', '', ( #1062 ) ) ;
#116 = AXIS2_PLACEMENT_3D ( 'NONE', #266, #2366, #1545 ) ;
#117 =( NAMED_UNIT ( * ) PLANE_ANGLE_UNIT ( ) SI_UNIT ( $, .RADIAN. ) );
#118 = CIRCLE ( 'NONE', #451, 0.3999999999999993006 ) ;
#119 = CARTESIAN_POINT ( 'NONE',  ( -4.320000000000001172, 6.349999999999997868, 0.5699999999999999512 ) ) ;
#120 = VERTEX_POINT ( 'NONE', #603 ) ;
#121 = COLOUR_RGB ( '',0.8627450980392157298, 0.5882352941176470784, 0.06274509803921568540 ) ;
#122 =( NAMED_UNIT ( * ) PLANE_ANGLE_UNIT ( ) SI_UNIT ( $, .RADIAN. ) );
#123 = EDGE_CURVE ( 'NONE', #3029, #1757, #2766, .T. ) ;
#124 = DIRECTION ( 'NONE',  ( -1.000000000000000000, -6.829619984160658046E-17, 0.000000000000000000 ) ) ;
#125 =( GEOMETRIC_REPRESENTATION_CONTEXT ( 3 ) GLOBAL_UNCERTAINTY_ASSIGNED_CONTEXT ( ( #170 ) ) GLOBAL_UNIT_ASSIGNED_CONTEXT ( ( #667, #1745, #706 ) ) REPRESENTATION_CONTEXT ( 'NONE', 'WORKASPACE' ) );
#126 = VERTEX_POINT ( 'NONE', #37 ) ;
#127 = DIRECTION ( 'NONE',  ( -1.365923996832131609E-16, 1.000000000000000000, 0.000000000000000000 ) ) ;
#128 = CARTESIAN_POINT ( 'NONE',  ( -1.004999999999999005, 6.350999999999999091, 1.279999999999999805 ) ) ;
#129 = FILL_AREA_STYLE_COLOUR ( '', #1192 ) ;
#130 = MECHANICAL_DESIGN_GEOMETRIC_PRESENTATION_REPRESENTATION (  '', ( #183 ), #404 ) ;
#131 = ORIENTED_EDGE ( 'NONE', *, *, #3273, .T. ) ;
#132 = AXIS2_PLACEMENT_3D ( 'NONE', #1894, #11, #2141 ) ;
#133 =( NAMED_UNIT ( * ) PLANE_ANGLE_UNIT ( ) SI_UNIT ( $, .RADIAN. ) );
#134 = STYLED_ITEM ( 'NONE', ( #2994 ), #1732 ) ;
#135 = SURFACE_SIDE_STYLE ('',( #1511 ) ) ;
#136 = CIRCLE ( 'NONE', #2145, 0.2500000000000002220 ) ;
#137 = CARTESIAN_POINT ( 'NONE',  ( 1.004999999999999449, -5.250000000000000000, 0.000000000000000000 ) ) ;
#138 = VECTOR ( 'NONE', #1558, 1000.000000000000000 ) ;
#139 = VECTOR ( 'NONE', #697, 1000.000000000000000 ) ;
#140 = CARTESIAN_POINT ( 'NONE',  ( -5.000000000000000000, 5.000000000000000000, 4.320000000000000284 ) ) ;
#141 = ORIENTED_EDGE ( 'NONE', *, *, #595, .F. ) ;
#142 =( GEOMETRIC_REPRESENTATION_CONTEXT ( 3 ) GLOBAL_UNCERTAINTY_ASSIGNED_CONTEXT ( ( #334 ) ) GLOBAL_UNIT_ASSIGNED_CONTEXT ( ( #1614, #1376, #3275 ) ) REPRESENTATION_CONTEXT ( 'NONE', 'WORKASPACE' ) );
#143 = ADVANCED_FACE ( 'NONE', ( #1415 ), #3335, .F. ) ;
#144 = VECTOR ( 'NONE', #1839, 1000.000000000000000 ) ;
#145 = CARTESIAN_POINT ( 'NONE',  ( -3.430000000000001492, -6.350000000000000533, 0.000000000000000000 ) ) ;
#146 = CARTESIAN_POINT ( 'NONE',  ( -6.350000000000001421, -0.8900000000000014566, 0.5699999999999999512 ) ) ;
#147 = FACE_OUTER_BOUND ( 'NONE', #1885, .T. ) ;
#148 = EDGE_CURVE ( 'NONE', #2019, #161, #363, .T. ) ;
#149 = DIRECTION ( 'NONE',  ( 0.000000000000000000, 0.000000000000000000, 1.000000000000000000 ) ) ;
#150 = CARTESIAN_POINT ( 'NONE',  ( -6.350000000000001421, 6.349999999999998757, 0.5699999999999999512 ) ) ;
#151 = PRODUCT_RELATED_PRODUCT_CATEGORY ( 'part', '', ( #2606 ) ) ;
#152 = VERTEX_POINT ( 'NONE', #103 ) ;
#153 = LINE ( 'NONE', #1215, #248 ) ;
#154 = ORIENTED_EDGE ( 'NONE', *, *, #3249, .T. ) ;
#155 = FILL_AREA_STYLE ('',( #2529 ) ) ;
#156 =( NAMED_UNIT ( * ) PLANE_ANGLE_UNIT ( ) SI_UNIT ( $, .RADIAN. ) );
#157 = FACE_OUTER_BOUND ( 'NONE', #597, .T. ) ;
#158 = EDGE_LOOP ( 'NONE', ( #1286, #2326, #1893, #1006 ) ) ;
#159 = DIRECTION ( 'NONE',  ( 0.000000000000000000, 0.000000000000000000, -1.000000000000000000 ) ) ;
#160 = DIRECTION ( 'NONE',  ( -1.000000000000000000, 6.829619984160658046E-17, -0.000000000000000000 ) ) ;
#161 = VERTEX_POINT ( 'NONE', #376 ) ;
#162 = CARTESIAN_POINT ( 'NONE',  ( -5.000000000000000000, -5.250000000000000000, 0.5699999999999999512 ) ) ;
#163 = EDGE_CURVE ( 'NONE', #2088, #98, #1163, .T. ) ;
#164 = ORIENTED_EDGE ( 'NONE', *, *, #553, .T. ) ;
#165 = VERTEX_POINT ( 'NONE', #3076 ) ;
#166 =( LENGTH_UNIT ( ) NAMED_UNIT ( * ) SI_UNIT ( .MILLI., .METRE. ) );
#167 = FACE_OUTER_BOUND ( 'NONE', #3182, .T. ) ;
#168 = CARTESIAN_POINT ( 'NONE',  ( 2.805000000000000160, 5.250000000000000000, 1.279999999999999805 ) ) ;
#169 = VERTEX_POINT ( 'NONE', #640 ) ;
#170 = UNCERTAINTY_MEASURE_WITH_UNIT (LENGTH_MEASURE( 1.000000000000000082E-05 ), #667, 'distance_accuracy_value', 'NONE');
#171 = DIRECTION ( 'NONE',  ( -0.000000000000000000, 0.000000000000000000, 1.000000000000000000 ) ) ;
#172 = VECTOR ( 'NONE', #188, 1000.000000000000000 ) ;
#173 = PRESENTATION_STYLE_ASSIGNMENT (( #1840 ) ) ;
#174 = CARTESIAN_POINT ( 'NONE',  ( -2.180000000000000604, 6.349999999999998757, 0.000000000000000000 ) ) ;
#175 = FILL_AREA_STYLE_COLOUR ( '', #1494 ) ;
#176 = AXIS2_PLACEMENT_3D ( 'NONE', #1309, #1030, #2973 ) ;
#177 = MANIFOLD_SOLID_BREP ( 'Wrap2', #2885 ) ;
#178 = ORIENTED_EDGE ( 'NONE', *, *, #2338, .T. ) ;
#179 = CARTESIAN_POINT ( 'NONE',  ( 0.000000000000000000, 0.000000000000000000, 0.000000000000000000 ) ) ;
#180 = EDGE_CURVE ( 'NONE', #367, #1, #656, .T. ) ;
#181 = PLANE ( 'NONE',  #2974 ) ;
#182 = DIRECTION ( 'NONE',  ( -0.000000000000000000, -0.000000000000000000, 1.000000000000000000 ) ) ;
#183 = STYLED_ITEM ( 'NONE', ( #1319 ), #1340 ) ;
#184 = VERTEX_POINT ( 'NONE', #1232 ) ;
#185 = DIRECTION ( 'NONE',  ( 1.000000000000000000, 0.000000000000000000, 0.000000000000000000 ) ) ;
#186 = EDGE_CURVE ( 'NONE', #909, #538, #1183, .T. ) ;
#187 = COLOUR_RGB ( '',0.8431372549019607865, 0.8431372549019607865, 0.8431372549019607865 ) ;
#188 = DIRECTION ( 'NONE',  ( 0.000000000000000000, 0.000000000000000000, -1.000000000000000000 ) ) ;
#189 = AXIS2_PLACEMENT_3D ( 'NONE', #1734, #412, #694 ) ;
#190 = VECTOR ( 'NONE', #1815, 1000.000000000000000 ) ;
#191 = EDGE_LOOP ( 'NONE', ( #2123, #320, #260, #1148, #1054, #2777 ) ) ;
#192 = UNCERTAINTY_MEASURE_WITH_UNIT (LENGTH_MEASURE( 1.000000000000000082E-05 ), #3127, 'distance_accuracy_value', 'NONE');
#193 = LINE ( 'NONE', #2299, #801 ) ;
#194 = CIRCLE ( 'NONE', #1655, 0.3999999999999993006 ) ;
#195 = VECTOR ( 'NONE', #2604, 1000.000000000000000 ) ;
#196 = PRESENTATION_STYLE_ASSIGNMENT (( #3473 ) ) ;
#197 = VECTOR ( 'NONE', #3209, 1000.000000000000000 ) ;
#198 = AXIS2_PLACEMENT_3D ( 'NONE', #1590, #1322, #124 ) ;
#199 = CARTESIAN_POINT ( 'NONE',  ( 1.249999999999998224, -6.349999999999999645, 0.000000000000000000 ) ) ;
#200 = LINE ( 'NONE', #2302, #2612 ) ;
#201 = PRESENTATION_STYLE_ASSIGNMENT (( #421 ) ) ;
#202 =( GEOMETRIC_REPRESENTATION_CONTEXT ( 3 ) GLOBAL_UNCERTAINTY_ASSIGNED_CONTEXT ( ( #2459 ) ) GLOBAL_UNIT_ASSIGNED_CONTEXT ( ( #2303, #703, #2834 ) ) REPRESENTATION_CONTEXT ( 'NONE', 'WORKASPACE' ) );
#203 = AXIS2_PLACEMENT_3D ( 'NONE', #2355, #1556, #2626 ) ;
#204 = VERTEX_POINT ( 'NONE', #443 ) ;
#205 = AXIS2_PLACEMENT_3D ( 'NONE', #577, #609, #1448 ) ;
#206 = SURFACE_SIDE_STYLE ('',( #2327 ) ) ;
#207 = SURFACE_SIDE_STYLE ('',( #223 ) ) ;
#208 = EDGE_CURVE ( 'NONE', #238, #70, #2335, .T. ) ;
#209 = ORIENTED_EDGE ( 'NONE', *, *, #553, .F. ) ;
#210 = SURFACE_SIDE_STYLE ('',( #2956 ) ) ;
#211 = CARTESIAN_POINT ( 'NONE',  ( -5.000000000000000888, 5.000000000000000000, 4.320000000000000284 ) ) ;
#212 = DIRECTION ( 'NONE',  ( -1.365923996832131609E-16, 1.000000000000000000, 0.000000000000000000 ) ) ;
#213 = FILL_AREA_STYLE_COLOUR ( '', #2969 ) ;
#214 = EDGE_CURVE ( 'NONE', #2334, #2054, #2279, .T. ) ;
#215 = ORIENTED_EDGE ( 'NONE', *, *, #1112, .F. ) ;
#216 = CARTESIAN_POINT ( 'NONE',  ( 4.999999999999999112, 5.000000000000000000, 4.320000000000000284 ) ) ;
#217 = PLANE ( 'NONE',  #3115 ) ;
#218 = FILL_AREA_STYLE_COLOUR ( '', #1535 ) ;
#219 = FACE_OUTER_BOUND ( 'NONE', #2726, .T. ) ;
#220 = DIRECTION ( 'NONE',  ( 1.000000000000000000, 0.000000000000000000, 0.000000000000000000 ) ) ;
#221 = ORIENTED_EDGE ( 'NONE', *, *, #845, .F. ) ;
#222 = FILL_AREA_STYLE ('',( #499 ) ) ;
#223 = SURFACE_STYLE_FILL_AREA ( #3421 ) ;
#224 = ORIENTED_EDGE ( 'NONE', *, *, #759, .T. ) ;
#225 = LINE ( 'NONE', #1115, #1469 ) ;
#226 = DIRECTION ( 'NONE',  ( 1.000000000000000000, 6.829619984160658046E-17, 0.000000000000000000 ) ) ;
#227 = LINE ( 'NONE', #2678, #254 ) ;
#228 = VERTEX_POINT ( 'NONE', #1253 ) ;
#229 = CARTESIAN_POINT ( 'NONE',  ( -6.350000000000001421, 6.349999999999998757, 0.5699999999999999512 ) ) ;
#230 = VECTOR ( 'NONE', #1982, 1000.000000000000000 ) ;
#231 = PRESENTATION_STYLE_ASSIGNMENT (( #3510 ) ) ;
#232 = ORIENTED_EDGE ( 'NONE', *, *, #547, .F. ) ;
#233 = VECTOR ( 'NONE', #1262, 1000.000000000000000 ) ;
#234 = PLANE ( 'NONE',  #3133 ) ;
#235 = EDGE_CURVE ( 'NONE', #2724, #345, #2257, .T. ) ;
#236 = DIRECTION ( 'NONE',  ( -0.000000000000000000, 0.000000000000000000, 1.000000000000000000 ) ) ;
#237 = VECTOR ( 'NONE', #975, 1000.000000000000000 ) ;
#238 = VERTEX_POINT ( 'NONE', #1748 ) ;
#239 = DIRECTION ( 'NONE',  ( -1.000000000000000000, 6.829619984160658046E-17, -0.000000000000000000 ) ) ;
#240 = AXIS2_PLACEMENT_3D ( 'NONE', #338, #1457, #2527 ) ;
#241 = DIRECTION ( 'NONE',  ( -0.000000000000000000, -0.000000000000000000, 1.000000000000000000 ) ) ;
#242 = ORIENTED_EDGE ( 'NONE', *, *, #766, .T. ) ;
#243 = CIRCLE ( 'NONE', #2720, 0.3999999999999995226 ) ;
#244 = FILL_AREA_STYLE ('',( #1846 ) ) ;
#245 = CARTESIAN_POINT ( 'NONE',  ( 2.304999999999999716, 5.250000000000000000, 1.779999999999999805 ) ) ;
#246 = DIRECTION ( 'NONE',  ( 1.000000000000000000, 0.000000000000000000, 0.000000000000000000 ) ) ;
#247 = VERTEX_POINT ( 'NONE', #951 ) ;
#248 = VECTOR ( 'NONE', #3348, 1000.000000000000000 ) ;
#249 = UNCERTAINTY_MEASURE_WITH_UNIT (LENGTH_MEASURE( 1.000000000000000082E-05 ), #2450, 'distance_accuracy_value', 'NONE');
#250 = DIRECTION ( 'NONE',  ( 0.000000000000000000, 0.000000000000000000, -1.000000000000000000 ) ) ;
#251 = VECTOR ( 'NONE', #403, 1000.000000000000000 ) ;
#252 = EDGE_CURVE ( 'NONE', #3283, #3217, #723, .T. ) ;
#253 = EDGE_LOOP ( 'NONE', ( #2421, #164, #512, #1739, #711, #1422, #824, #1515 ) ) ;
#254 = VECTOR ( 'NONE', #3521, 1000.000000000000000 ) ;
#255 =( GEOMETRIC_REPRESENTATION_CONTEXT ( 3 ) GLOBAL_UNCERTAINTY_ASSIGNED_CONTEXT ( ( #1438 ) ) GLOBAL_UNIT_ASSIGNED_CONTEXT ( ( #3136, #430, #2319 ) ) REPRESENTATION_CONTEXT ( 'NONE', 'WORKASPACE' ) );
#256 = SURFACE_STYLE_USAGE ( .BOTH. , #274 ) ;
#257 = DIRECTION ( 'NONE',  ( -1.000000000000000000, -8.260587980841940012E-17, 0.000000000000000000 ) ) ;
#258 = STYLED_ITEM ( 'NONE', ( #2913 ), #3068 ) ;
#259 = EDGE_CURVE ( 'NONE', #2339, #827, #992, .T. ) ;
#260 = ORIENTED_EDGE ( 'NONE', *, *, #3458, .F. ) ;
#261 = ADVANCED_FACE ( 'NONE', ( #1459 ), #1390, .T. ) ;
#262 = VECTOR ( 'NONE', #2895, 1000.000000000000000 ) ;
#263 = LINE ( 'NONE', #3484, #1880 ) ;
#264 = AXIS2_PLACEMENT_3D ( 'NONE', #1638, #236, #2703 ) ;
#265 = ORIENTED_EDGE ( 'NONE', *, *, #3132, .F. ) ;
#266 = CARTESIAN_POINT ( 'NONE',  ( -3.430000000000001492, -6.350000000000000533, 0.5699999999999999512 ) ) ;
#267 = CARTESIAN_POINT ( 'NONE',  ( 5.000000000000000888, -5.000000000000000000, 4.320000000000000284 ) ) ;
#268 = CARTESIAN_POINT ( 'NONE',  ( -6.350000000000001421, -0.8900000000000014566, 0.000000000000000000 ) ) ;
#269 = VERTEX_POINT ( 'NONE', #2025 ) ;
#270 = DIRECTION ( 'NONE',  ( -0.000000000000000000, -0.000000000000000000, 1.000000000000000000 ) ) ;
#271 = LINE ( 'NONE', #1636, #1495 ) ;
#272 = FILL_AREA_STYLE_COLOUR ( '', #3368 ) ;
#273 = CARTESIAN_POINT ( 'NONE',  ( 3.789999999999997815, -6.349999999999999645, 0.000000000000000000 ) ) ;
#274 = SURFACE_SIDE_STYLE ('',( #3 ) ) ;
#275 = ORIENTED_EDGE ( 'NONE', *, *, #1868, .F. ) ;
#276 = EDGE_CURVE ( 'NONE', #1082, #423, #2471, .T. ) ;
#277 = ORIENTED_EDGE ( 'NONE', *, *, #715, .F. ) ;
#278 = DIRECTION ( 'NONE',  ( -0.000000000000000000, -0.000000000000000000, 1.000000000000000000 ) ) ;
#279 = CARTESIAN_POINT ( 'NONE',  ( 0.7599999999999993427, 6.349999999999997868, 0.000000000000000000 ) ) ;
#280 = CARTESIAN_POINT ( 'NONE',  ( 3.789999999999997815, -6.349999999999999645, 0.000000000000000000 ) ) ;
#281 = ORIENTED_EDGE ( 'NONE', *, *, #979, .T. ) ;
#282 = UNCERTAINTY_MEASURE_WITH_UNIT (LENGTH_MEASURE( 1.000000000000000082E-05 ), #1419, 'distance_accuracy_value', 'NONE');
#283 = CARTESIAN_POINT ( 'NONE',  ( 2.304999999999999716, 4.900000000000000355, 1.779999999999999805 ) ) ;
#284 = SURFACE_STYLE_USAGE ( .BOTH. , #2699 ) ;
#285 = SURFACE_STYLE_FILL_AREA ( #2103 ) ;
#286 = FACE_OUTER_BOUND ( 'NONE', #2433, .T. ) ;
#287 = EDGE_LOOP ( 'NONE', ( #3043, #69, #2485, #2384 ) ) ;
#288 = AXIS2_PLACEMENT_3D ( 'NONE', #2004, #2540, #2247 ) ;
#289 = LINE ( 'NONE', #1356, #2797 ) ;
#290 = ORIENTED_EDGE ( 'NONE', *, *, #1060, .T. ) ;
#291 = EDGE_CURVE ( 'NONE', #169, #498, #3213, .T. ) ;
#292 =( GEOMETRIC_REPRESENTATION_CONTEXT ( 3 ) GLOBAL_UNCERTAINTY_ASSIGNED_CONTEXT ( ( #2399 ) ) GLOBAL_UNIT_ASSIGNED_CONTEXT ( ( #1270, #2011, #2842 ) ) REPRESENTATION_CONTEXT ( 'NONE', 'WORKASPACE' ) );
#293 = CARTESIAN_POINT ( 'NONE',  ( 2.805000000000000160, 6.350999999999999091, 4.570000000000000284 ) ) ;
#294 = PRESENTATION_STYLE_ASSIGNMENT (( #2410 ) ) ;
#295 = MECHANICAL_DESIGN_GEOMETRIC_PRESENTATION_REPRESENTATION (  '', ( #1122 ), #2959 ) ;
#296 = ADVANCED_FACE ( 'NONE', ( #1287 ), #1306, .F. ) ;
#297 = EDGE_LOOP ( 'NONE', ( #1396, #1857, #2402, #3276 ) ) ;
#298 = AXIS2_PLACEMENT_3D ( 'NONE', #104, #2578, #2530 ) ;
#299 = EDGE_CURVE ( 'NONE', #2933, #704, #225, .T. ) ;
#300 = LINE ( 'NONE', #1382, #786 ) ;
#301 = FILL_AREA_STYLE ('',( #3234 ) ) ;
#302 = VECTOR ( 'NONE', #774, 1000.000000000000000 ) ;
#303 = ORIENTED_EDGE ( 'NONE', *, *, #3360, .T. ) ;
#304 = CIRCLE ( 'NONE', #2499, 0.3999999999999993006 ) ;
#305 = DIRECTION ( 'NONE',  ( 1.652117596168388002E-16, -1.000000000000000000, 0.000000000000000000 ) ) ;
#306 = CIRCLE ( 'NONE', #1313, 0.2500000000000002220 ) ;
#307 = AXIS2_PLACEMENT_3D ( 'NONE', #2264, #328, #1707 ) ;
#308 = ORIENTED_EDGE ( 'NONE', *, *, #2422, .T. ) ;
#309 = AXIS2_PLACEMENT_3D ( 'NONE', #1812, #473, #1036 ) ;
#310 = PRESENTATION_LAYER_ASSIGNMENT (  '', '', ( #2398 ) ) ;
#311 = CARTESIAN_POINT ( 'NONE',  ( -5.250000000000000888, 4.900000000000000355, 0.5700000000000001732 ) ) ;
#312 = ORIENTED_EDGE ( 'NONE', *, *, #55, .F. ) ;
#313 = DIRECTION ( 'NONE',  ( -0.000000000000000000, -0.000000000000000000, 1.000000000000000000 ) ) ;
#314 = CYLINDRICAL_SURFACE ( 'NONE', #3211, 0.5000000000000000000 ) ;
#315 = FILL_AREA_STYLE_COLOUR ( '', #580 ) ;
#316 = CARTESIAN_POINT ( 'NONE',  ( 6.349999999999998757, -1.290000000000000924, 0.000000000000000000 ) ) ;
#317 = CARTESIAN_POINT ( 'NONE',  ( -1.020000000000017559, 3.810000000000010267, 0.5699999999999999512 ) ) ;
#318 = ORIENTED_EDGE ( 'NONE', *, *, #2488, .F. ) ;
#319 = FILL_AREA_STYLE ('',( #1902 ) ) ;
#320 = ORIENTED_EDGE ( 'NONE', *, *, #395, .T. ) ;
#321 =( NAMED_UNIT ( * ) SI_UNIT ( $, .STERADIAN. ) SOLID_ANGLE_UNIT ( ) );
#322 =( LENGTH_UNIT ( ) NAMED_UNIT ( * ) SI_UNIT ( .MILLI., .METRE. ) );
#323 = ORIENTED_EDGE ( 'NONE', *, *, #2273, .T. ) ;
#324 = DIRECTION ( 'NONE',  ( 1.000000000000000000, 0.000000000000000000, 0.000000000000000000 ) ) ;
#325 = ORIENTED_EDGE ( 'NONE', *, *, #3181, .F. ) ;
#326 = ADVANCED_FACE ( 'NONE', ( #502 ), #3506, .T. ) ;
#327 = DIRECTION ( 'NONE',  ( 0.000000000000000000, 0.000000000000000000, 1.000000000000000000 ) ) ;
#328 = DIRECTION ( 'NONE',  ( -0.000000000000000000, 0.000000000000000000, 1.000000000000000000 ) ) ;
#329 = SHAPE_DEFINITION_REPRESENTATION ( #1388, #2068 ) ;
#330 = VERTEX_POINT ( 'NONE', #2635 ) ;
#331 = CARTESIAN_POINT ( 'NONE',  ( -1.020000000000008678, 6.349999999999998757, 0.5699999999999999512 ) ) ;
#332 = EDGE_CURVE ( 'NONE', #2346, #3186, #61, .T. ) ;
#333 = PRESENTATION_STYLE_ASSIGNMENT (( #2406 ) ) ;
#334 = UNCERTAINTY_MEASURE_WITH_UNIT (LENGTH_MEASURE( 1.000000000000000082E-05 ), #1614, 'distance_accuracy_value', 'NONE');
#335 = FACE_OUTER_BOUND ( 'NONE', #607, .T. ) ;
#336 = VECTOR ( 'NONE', #1474, 1000.000000000000000 ) ;
#337 = CARTESIAN_POINT ( 'NONE',  ( -6.350000000000002309, 4.189999999999998614, 0.000000000000000000 ) ) ;
#338 = CARTESIAN_POINT ( 'NONE',  ( -6.350000000000002309, 4.189999999999998614, 0.5699999999999999512 ) ) ;
#339 = CARTESIAN_POINT ( 'NONE',  ( -6.349999999999999645, -3.830000000000000959, 0.000000000000000000 ) ) ;
#340 = VECTOR ( 'NONE', #313, 1000.000000000000000 ) ;
#341 = CARTESIAN_POINT ( 'NONE',  ( -2.670000000000002149, -3.810000000000000941, 0.5699999999999999512 ) ) ;
#342 = SURFACE_STYLE_FILL_AREA ( #3039 ) ;
#343 =( GEOMETRIC_REPRESENTATION_CONTEXT ( 3 ) GLOBAL_UNCERTAINTY_ASSIGNED_CONTEXT ( ( #1011 ) ) GLOBAL_UNIT_ASSIGNED_CONTEXT ( ( #322, #3019, #1718 ) ) REPRESENTATION_CONTEXT ( 'NONE', 'WORKASPACE' ) );
#344 = FILL_AREA_STYLE_COLOUR ( '', #2140 ) ;
#345 = VERTEX_POINT ( 'NONE', #2392 ) ;
#346 = ORIENTED_EDGE ( 'NONE', *, *, #1904, .T. ) ;
#347 = PRESENTATION_LAYER_ASSIGNMENT (  '', '', ( #1476 ) ) ;
#348 = DIRECTION ( 'NONE',  ( -0.000000000000000000, 0.000000000000000000, 1.000000000000000000 ) ) ;
#349 = AXIS2_PLACEMENT_3D ( 'NONE', #377, #3390, #2295 ) ;
#350 = EDGE_CURVE ( 'NONE', #1091, #1010, #517, .T. ) ;
#351 = ORIENTED_EDGE ( 'NONE', *, *, #99, .T. ) ;
#352 = DIRECTION ( 'NONE',  ( -0.000000000000000000, 0.000000000000000000, 1.000000000000000000 ) ) ;
#353 = AXIS2_PLACEMENT_3D ( 'NONE', #179, #2938, #719 ) ;
#354 = PLANE ( 'NONE',  #1080 ) ;
#355 = DIRECTION ( 'NONE',  ( 1.000000000000000000, 0.000000000000000000, 0.000000000000000000 ) ) ;
#356 = EDGE_CURVE ( 'NONE', #93, #2436, #3477, .T. ) ;
#357 = AXIS2_PLACEMENT_3D ( 'NONE', #1280, #1224, #3478 ) ;
#358 = VERTEX_POINT ( 'NONE', #3517 ) ;
#359 = ADVANCED_FACE ( 'NONE', ( #2620 ), #2094, .F. ) ;
#360 = VECTOR ( 'NONE', #2411, 1000.000000000000000 ) ;
#361 = STYLED_ITEM ( 'NONE', ( #2552 ), #2114 ) ;
#362 = FACE_OUTER_BOUND ( 'NONE', #2120, .T. ) ;
#363 = LINE ( 'NONE', #2810, #388 ) ;
#364 = AXIS2_PLACEMENT_3D ( 'NONE', #2129, #39, #2117 ) ;
#365 = DIRECTION ( 'NONE',  ( -0.000000000000000000, -0.000000000000000000, 1.000000000000000000 ) ) ;
#366 =( NAMED_UNIT ( * ) SI_UNIT ( $, .STERADIAN. ) SOLID_ANGLE_UNIT ( ) );
#367 = VERTEX_POINT ( 'NONE', #661 ) ;
#368 = EDGE_LOOP ( 'NONE', ( #1695, #1194, #853 ) ) ;
#369 = DIRECTION ( 'NONE',  ( -6.829619984160658046E-17, -1.000000000000000000, 0.000000000000000000 ) ) ;
#370 = VERTEX_POINT ( 'NONE', #331 ) ;
#371 = CARTESIAN_POINT ( 'NONE',  ( 1.159999999999999032, 6.349999999999997868, 0.000000000000000000 ) ) ;
#372 = SURFACE_STYLE_USAGE ( .BOTH. , #2190 ) ;
#373 = FILL_AREA_STYLE ('',( #129 ) ) ;
#374 = EDGE_CURVE ( 'NONE', #932, #2019, #2758, .T. ) ;
#375 = CARTESIAN_POINT ( 'NONE',  ( 0.3599999999999998201, 6.349999999999997868, 0.000000000000000000 ) ) ;
#376 = CARTESIAN_POINT ( 'NONE',  ( 2.805000000000000160, 5.250000000000000000, 0.5700000000000001732 ) ) ;
#377 = CARTESIAN_POINT ( 'NONE',  ( -0.8900000000000014566, -6.350000000000000533, 0.000000000000000000 ) ) ;
#378 = ADVANCED_FACE ( 'NONE', ( #3395 ), #1404, .F. ) ;
#379 = DIRECTION ( 'NONE',  ( 1.000000000000000000, 0.000000000000000000, 0.000000000000000000 ) ) ;
#380 = PRESENTATION_STYLE_ASSIGNMENT (( #1656 ) ) ;
#381 = ORIENTED_EDGE ( 'NONE', *, *, #505, .F. ) ;
#382 = ORIENTED_EDGE ( 'NONE', *, *, #2192, .T. ) ;
#383 = DIRECTION ( 'NONE',  ( 1.000000000000000000, 6.829619984160658046E-17, 0.000000000000000000 ) ) ;
#384 =( NAMED_UNIT ( * ) SI_UNIT ( $, .STERADIAN. ) SOLID_ANGLE_UNIT ( ) );
#385 = CARTESIAN_POINT ( 'NONE',  ( -0.5049999999999988942, 4.900000000000000355, 1.279999999999999805 ) ) ;
#386 = ORIENTED_EDGE ( 'NONE', *, *, #2980, .T. ) ;
#387 = SURFACE_SIDE_STYLE ('',( #2820 ) ) ;
#388 = VECTOR ( 'NONE', #1651, 1000.000000000000000 ) ;
#389 = CARTESIAN_POINT ( 'NONE',  ( 5.000000000000000888, -5.000000000000000000, 4.320000000000000284 ) ) ;
#390 = EDGE_CURVE ( 'NONE', #3140, #827, #892, .T. ) ;
#391 = CARTESIAN_POINT ( 'NONE',  ( -5.250000000000000888, 4.900000000000000355, 0.5700000000000001732 ) ) ;
#392 = VECTOR ( 'NONE', #109, 1000.000000000000000 ) ;
#393 =( LENGTH_UNIT ( ) NAMED_UNIT ( * ) SI_UNIT ( .MILLI., .METRE. ) );
#394 =( NAMED_UNIT ( * ) SI_UNIT ( $, .STERADIAN. ) SOLID_ANGLE_UNIT ( ) );
#395 = EDGE_CURVE ( 'NONE', #713, #2467, #3088, .T. ) ;
#396 = ORIENTED_EDGE ( 'NONE', *, *, #208, .F. ) ;
#397 = EDGE_CURVE ( 'NONE', #2574, #238, #402, .T. ) ;
#398 = VECTOR ( 'NONE', #2786, 1000.000000000000000 ) ;
#399 = DIRECTION ( 'NONE',  ( -0.000000000000000000, -0.000000000000000000, 1.000000000000000000 ) ) ;
#400 = CARTESIAN_POINT ( 'NONE',  ( -5.000000000000000000, -5.000000000000000000, 4.570000000000000284 ) ) ;
#401 = STYLED_ITEM ( 'NONE', ( #1451 ), #1168 ) ;
#402 = LINE ( 'NONE', #2287, #726 ) ;
#403 = DIRECTION ( 'NONE',  ( -1.000000000000000000, 6.821946253841374973E-15, 0.000000000000000000 ) ) ;
#404 =( GEOMETRIC_REPRESENTATION_CONTEXT ( 3 ) GLOBAL_UNCERTAINTY_ASSIGNED_CONTEXT ( ( #2868 ) ) GLOBAL_UNIT_ASSIGNED_CONTEXT ( ( #495, #2119, #1335 ) ) REPRESENTATION_CONTEXT ( 'NONE', 'WORKASPACE' ) );
#405 = FILL_AREA_STYLE ('',( #175 ) ) ;
#406 = ORIENTED_EDGE ( 'NONE', *, *, #163, .F. ) ;
#407 = CIRCLE ( 'NONE', #3427, 0.3999999999999993006 ) ;
#408 = CARTESIAN_POINT ( 'NONE',  ( 6.349999999999999645, -3.030000000000002469, 0.5699999999999999512 ) ) ;
#409 = AXIS2_PLACEMENT_3D ( 'NONE', #1737, #348, #3062 ) ;
#410 = AXIS2_PLACEMENT_3D ( 'NONE', #1248, #2362, #2615 ) ;
#411 = MECHANICAL_DESIGN_GEOMETRIC_PRESENTATION_REPRESENTATION (  '', ( #1936 ), #532 ) ;
#412 = DIRECTION ( 'NONE',  ( -0.000000000000000000, 0.000000000000000000, 1.000000000000000000 ) ) ;
#413 = ORIENTED_EDGE ( 'NONE', *, *, #608, .T. ) ;
#414 = STYLED_ITEM ( 'NONE', ( #2420 ), #3227 ) ;
#415 = STYLED_ITEM ( 'NONE', ( #1366 ), #2666 ) ;
#416 = DIRECTION ( 'NONE',  ( -1.000000000000000000, 6.829619984160658046E-17, -0.000000000000000000 ) ) ;
#417 = CARTESIAN_POINT ( 'NONE',  ( -6.350000000000001421, 3.789999999999998703, 0.5699999999999999512 ) ) ;
#418 = DIRECTION ( 'NONE',  ( -0.000000000000000000, 0.000000000000000000, -1.000000000000000000 ) ) ;
#419 = CARTESIAN_POINT ( 'NONE',  ( -6.350000000000001421, 6.349999999999998757, 0.000000000000000000 ) ) ;
#420 = DIRECTION ( 'NONE',  ( -1.652117596168388002E-16, 1.000000000000000000, -0.000000000000000000 ) ) ;
#421 = SURFACE_STYLE_USAGE ( .BOTH. , #2588 ) ;
#422 =( NAMED_UNIT ( * ) PLANE_ANGLE_UNIT ( ) SI_UNIT ( $, .RADIAN. ) );
#423 = VERTEX_POINT ( 'NONE', #2486 ) ;
#424 = FILL_AREA_STYLE ('',( #486 ) ) ;
#425 = CYLINDRICAL_SURFACE ( 'NONE', #3361, 0.3999999999999993006 ) ;
#426 = VERTEX_POINT ( 'NONE', #1485 ) ;
#427 = DIRECTION ( 'NONE',  ( 1.000000000000000000, 0.000000000000000000, 0.000000000000000000 ) ) ;
#428 =( LENGTH_UNIT ( ) NAMED_UNIT ( * ) SI_UNIT ( .MILLI., .METRE. ) );
#429 = VERTEX_POINT ( 'NONE', #371 ) ;
#430 =( NAMED_UNIT ( * ) PLANE_ANGLE_UNIT ( ) SI_UNIT ( $, .RADIAN. ) );
#431 =( LENGTH_UNIT ( ) NAMED_UNIT ( * ) SI_UNIT ( .MILLI., .METRE. ) );
#432 = EDGE_CURVE ( 'NONE', #2826, #126, #96, .T. ) ;
#433 = ORIENTED_EDGE ( 'NONE', *, *, #3111, .F. ) ;
#434 = CARTESIAN_POINT ( 'NONE',  ( 6.349999999999997868, 6.349999999999997868, 0.5699999999999999512 ) ) ;
#435 = CYLINDRICAL_SURFACE ( 'NONE', #3365, 0.2500000000000002220 ) ;
#436 = LINE ( 'NONE', #1001, #138 ) ;
#437 = LINE ( 'NONE', #3201, #1884 ) ;
#438 = EDGE_CURVE ( 'NONE', #596, #3255, #910, .T. ) ;
#439 = EDGE_LOOP ( 'NONE', ( #891, #1268, #25, #1803 ) ) ;
#440 = ADVANCED_FACE ( 'NONE', ( #147 ), #1955, .F. ) ;
#441 = CARTESIAN_POINT ( 'NONE',  ( -6.350000000000001421, -3.430000000000001492, 0.000000000000000000 ) ) ;
#442 = ORIENTED_EDGE ( 'NONE', *, *, #2024, .F. ) ;
#443 = CARTESIAN_POINT ( 'NONE',  ( -2.670000000000002149, -6.350000000000000533, 0.5699999999999999512 ) ) ;
#444 =( LENGTH_UNIT ( ) NAMED_UNIT ( * ) SI_UNIT ( .MILLI., .METRE. ) );
#445 = DIRECTION ( 'NONE',  ( -1.000000000000000000, 0.000000000000000000, 0.000000000000000000 ) ) ;
#446 = AXIS2_PLACEMENT_3D ( 'NONE', #1563, #1858, #2173 ) ;
#447 = ORIENTED_EDGE ( 'NONE', *, *, #3132, .T. ) ;
#448 = UNCERTAINTY_MEASURE_WITH_UNIT (LENGTH_MEASURE( 1.000000000000000082E-05 ), #444, 'distance_accuracy_value', 'NONE');
#449 = COLOUR_RGB ( '',0.8627450980392157298, 0.5882352941176470784, 0.06274509803921568540 ) ;
#450 = DIRECTION ( 'NONE',  ( 0.000000000000000000, 0.000000000000000000, 1.000000000000000000 ) ) ;
#451 = AXIS2_PLACEMENT_3D ( 'NONE', #3337, #2769, #379 ) ;
#452 = SURFACE_SIDE_STYLE ('',( #701 ) ) ;
#453 =( NAMED_UNIT ( * ) PLANE_ANGLE_UNIT ( ) SI_UNIT ( $, .RADIAN. ) );
#454 = CARTESIAN_POINT ( 'NONE',  ( -6.350000000000002309, 4.189999999999998614, 0.000000000000000000 ) ) ;
#455 = CARTESIAN_POINT ( 'NONE',  ( 4.900000000000001243, -4.900000000000000355, 0.5699999999999999512 ) ) ;
#456 = EDGE_CURVE ( 'NONE', #2115, #3247, #1741, .T. ) ;
#457 = STYLED_ITEM ( 'NONE', ( #2638 ), #907 ) ;
#458 = ORIENTED_EDGE ( 'NONE', *, *, #1361, .F. ) ;
#459 = VECTOR ( 'NONE', #1690, 1000.000000000000000 ) ;
#460 = LINE ( 'NONE', #1004, #796 ) ;
#461 = EDGE_CURVE ( 'NONE', #1606, #560, #1688, .T. ) ;
#462 = AXIS2_PLACEMENT_3D ( 'NONE', #641, #1513, #2241 ) ;
#463 = FILL_AREA_STYLE_COLOUR ( '', #2148 ) ;
#464 = ORIENTED_EDGE ( 'NONE', *, *, #3000, .F. ) ;
#465 =( NAMED_UNIT ( * ) SI_UNIT ( $, .STERADIAN. ) SOLID_ANGLE_UNIT ( ) );
#466 =( GEOMETRIC_REPRESENTATION_CONTEXT ( 3 ) GLOBAL_UNCERTAINTY_ASSIGNED_CONTEXT ( ( #1333 ) ) GLOBAL_UNIT_ASSIGNED_CONTEXT ( ( #1997, #133, #3093 ) ) REPRESENTATION_CONTEXT ( 'NONE', 'WORKASPACE' ) );
#467 = FACE_OUTER_BOUND ( 'NONE', #2971, .T. ) ;
#468 =( GEOMETRIC_REPRESENTATION_CONTEXT ( 3 ) GLOBAL_UNCERTAINTY_ASSIGNED_CONTEXT ( ( #1961 ) ) GLOBAL_UNIT_ASSIGNED_CONTEXT ( ( #725, #3491, #3230 ) ) REPRESENTATION_CONTEXT ( 'NONE', 'WORKASPACE' ) );
#469 = AXIS2_PLACEMENT_3D ( 'NONE', #893, #1674, #2833 ) ;
#470 = ORIENTED_EDGE ( 'NONE', *, *, #186, .F. ) ;
#471 = AXIS2_PLACEMENT_3D ( 'NONE', #2935, #1586, #2754 ) ;
#472 = AXIS2_PLACEMENT_3D ( 'NONE', #146, #107, #2285 ) ;
#473 = DIRECTION ( 'NONE',  ( -0.000000000000000000, 0.000000000000000000, 1.000000000000000000 ) ) ;
#474 = DIRECTION ( 'NONE',  ( 1.000000000000000000, 0.000000000000000000, 0.000000000000000000 ) ) ;
#475 = MECHANICAL_DESIGN_GEOMETRIC_PRESENTATION_REPRESENTATION (  '', ( #2733 ), #2507 ) ;
#476 = VECTOR ( 'NONE', #772, 1000.000000000000000 ) ;
#477 = CARTESIAN_POINT ( 'NONE',  ( 0.8899999999999984590, -3.810000000000000941, 0.5699999999999999512 ) ) ;
#478 = DIRECTION ( 'NONE',  ( 1.000000000000000000, 1.365923996832131609E-16, -0.000000000000000000 ) ) ;
#479 = CARTESIAN_POINT ( 'NONE',  ( -4.900000000000001243, 5.250000000000000000, 4.570000000000000284 ) ) ;
#480 = DIRECTION ( 'NONE',  ( -0.000000000000000000, -0.000000000000000000, 1.000000000000000000 ) ) ;
#481 = COLOUR_RGB ( '',0.8627450980392157298, 0.5882352941176470784, 0.06274509803921568540 ) ;
#482 = SURFACE_STYLE_USAGE ( .BOTH. , #3146 ) ;
#483 = VERTEX_POINT ( 'NONE', #1210 ) ;
#484 = VECTOR ( 'NONE', #2890, 1000.000000000000000 ) ;
#485 = CARTESIAN_POINT ( 'NONE',  ( 6.349999999999997868, 6.349999999999997868, 0.000000000000000000 ) ) ;
#486 = FILL_AREA_STYLE_COLOUR ( '', #860 ) ;
#487 = FACE_OUTER_BOUND ( 'NONE', #41, .T. ) ;
#488 = ORIENTED_EDGE ( 'NONE', *, *, #2024, .T. ) ;
#489 = FACE_OUTER_BOUND ( 'NONE', #3304, .T. ) ;
#490 = FILL_AREA_STYLE ('',( #1848 ) ) ;
#491 = EDGE_CURVE ( 'NONE', #1864, #165, #1009, .T. ) ;
#492 = ORIENTED_EDGE ( 'NONE', *, *, #374, .T. ) ;
#493 = LINE ( 'NONE', #1555, #195 ) ;
#494 = SURFACE_STYLE_FILL_AREA ( #817 ) ;
#495 =( LENGTH_UNIT ( ) NAMED_UNIT ( * ) SI_UNIT ( .MILLI., .METRE. ) );
#496 = CARTESIAN_POINT ( 'NONE',  ( 4.899999999999999467, 5.250000000000000000, 0.5700000000000001732 ) ) ;
#497 = PRESENTATION_STYLE_ASSIGNMENT (( #482 ) ) ;
#498 = VERTEX_POINT ( 'NONE', #1428 ) ;
#499 = FILL_AREA_STYLE_COLOUR ( '', #2198 ) ;
#500 = CARTESIAN_POINT ( 'NONE',  ( -1.004999999999999005, 4.900000000000000355, 0.5700000000000001732 ) ) ;
#501 = EDGE_LOOP ( 'NONE', ( #2304, #2665, #646, #507, #678, #2863, #2613, #1138 ) ) ;
#502 = FACE_OUTER_BOUND ( 'NONE', #2958, .T. ) ;
#503 = SURFACE_STYLE_USAGE ( .BOTH. , #1847 ) ;
#504 = CARTESIAN_POINT ( 'NONE',  ( 4.999999999999999112, 5.250000000000000000, 4.320000000000000284 ) ) ;
#505 = EDGE_CURVE ( 'NONE', #856, #161, #2510, .T. ) ;
#506 = DIRECTION ( 'NONE',  ( 0.000000000000000000, 0.000000000000000000, -1.000000000000000000 ) ) ;
#507 = ORIENTED_EDGE ( 'NONE', *, *, #299, .T. ) ;
#508 = FILL_AREA_STYLE_COLOUR ( '', #1866 ) ;
#509 = EDGE_LOOP ( 'NONE', ( #1687, #1934, #1491, #3340 ) ) ;
#510 = VECTOR ( 'NONE', #2853, 1000.000000000000000 ) ;
#511 = VECTOR ( 'NONE', #1930, 1000.000000000000000 ) ;
#512 = ORIENTED_EDGE ( 'NONE', *, *, #1478, .T. ) ;
#513 = DIRECTION ( 'NONE',  ( 0.000000000000000000, -1.000000000000000000, 0.000000000000000000 ) ) ;
#514 = COLOUR_RGB ( '',0.8431372549019607865, 0.8431372549019607865, 0.8431372549019607865 ) ;
#515 = VERTEX_POINT ( 'NONE', #2233 ) ;
#516 = VECTOR ( 'NONE', #149, 1000.000000000000000 ) ;
#517 = LINE ( 'NONE', #1043, #1527 ) ;
#518 = SURFACE_STYLE_USAGE ( .BOTH. , #709 ) ;
#519 = CIRCLE ( 'NONE', #349, 0.4000000000000004108 ) ;
#520 = CARTESIAN_POINT ( 'NONE',  ( 2.049999999999999378, -6.349999999999999645, 0.000000000000000000 ) ) ;
#521 = DIRECTION ( 'NONE',  ( -0.000000000000000000, 0.000000000000000000, 1.000000000000000000 ) ) ;
#522 = ORIENTED_EDGE ( 'NONE', *, *, #1327, .T. ) ;
#523 = MECHANICAL_DESIGN_GEOMETRIC_PRESENTATION_REPRESENTATION (  '', ( #851 ), #2380 ) ;
#524 = UNCERTAINTY_MEASURE_WITH_UNIT (LENGTH_MEASURE( 1.000000000000000082E-05 ), #1410, 'distance_accuracy_value', 'NONE');
#525 =( GEOMETRIC_REPRESENTATION_CONTEXT ( 3 ) GLOBAL_UNCERTAINTY_ASSIGNED_CONTEXT ( ( #2603 ) ) GLOBAL_UNIT_ASSIGNED_CONTEXT ( ( #3013, #582, #2984 ) ) REPRESENTATION_CONTEXT ( 'NONE', 'WORKASPACE' ) );
#526 = CARTESIAN_POINT ( 'NONE',  ( -0.4900000000000010458, -6.350000000000000533, 0.000000000000000000 ) ) ;
#527 = STYLED_ITEM ( 'NONE', ( #602 ), #3016 ) ;
#528 = CARTESIAN_POINT ( 'NONE',  ( -6.350000000000001421, 6.349999999999998757, 0.000000000000000000 ) ) ;
#529 = CARTESIAN_POINT ( 'NONE',  ( 0.000000000000000000, -4.900000000000000355, 4.220000000000000639 ) ) ;
#530 = DIRECTION ( 'NONE',  ( 6.573509234754631853E-15, 1.000000000000000000, 0.000000000000000000 ) ) ;
#531 = COLOUR_RGB ( '',0.8627450980392157298, 0.5882352941176470784, 0.06274509803921568540 ) ;
#532 =( GEOMETRIC_REPRESENTATION_CONTEXT ( 3 ) GLOBAL_UNCERTAINTY_ASSIGNED_CONTEXT ( ( #2237 ) ) GLOBAL_UNIT_ASSIGNED_CONTEXT ( ( #431, #960, #2906 ) ) REPRESENTATION_CONTEXT ( 'NONE', 'WORKASPACE' ) );
#533 = ORIENTED_EDGE ( 'NONE', *, *, #395, .F. ) ;
#534 = AXIS2_PLACEMENT_3D ( 'NONE', #2707, #1920, #2122 ) ;
#535 = DIRECTION ( 'NONE',  ( -0.000000000000000000, 1.000000000000000000, 0.000000000000000000 ) ) ;
#536 =( GEOMETRIC_REPRESENTATION_CONTEXT ( 3 ) GLOBAL_UNCERTAINTY_ASSIGNED_CONTEXT ( ( #2526 ) ) GLOBAL_UNIT_ASSIGNED_CONTEXT ( ( #19, #1568, #2948 ) ) REPRESENTATION_CONTEXT ( 'NONE', 'WORKASPACE' ) );
#537 = SURFACE_STYLE_USAGE ( .BOTH. , #2968 ) ;
#538 = VERTEX_POINT ( 'NONE', #3343 ) ;
#539 = FACE_OUTER_BOUND ( 'NONE', #1250, .T. ) ;
#540 = DIRECTION ( 'NONE',  ( -0.000000000000000000, 0.000000000000000000, 1.000000000000000000 ) ) ;
#541 = CARTESIAN_POINT ( 'NONE',  ( 0.5049999999999993383, 6.350999999999999979, 1.279999999999999805 ) ) ;
#542 = ORIENTED_EDGE ( 'NONE', *, *, #123, .F. ) ;
#543 = CARTESIAN_POINT ( 'NONE',  ( -1.780000000000000693, 6.349999999999997868, 0.000000000000000000 ) ) ;
#544 = ORIENTED_EDGE ( 'NONE', *, *, #1323, .F. ) ;
#545 = DIRECTION ( 'NONE',  ( 0.000000000000000000, 0.000000000000000000, -1.000000000000000000 ) ) ;
#546 = FACE_OUTER_BOUND ( 'NONE', #1826, .T. ) ;
#547 = EDGE_CURVE ( 'NONE', #3367, #3186, #1992, .T. ) ;
#548 = ORIENTED_EDGE ( 'NONE', *, *, #1630, .T. ) ;
#549 = DIRECTION ( 'NONE',  ( 0.000000000000000000, 0.000000000000000000, -1.000000000000000000 ) ) ;
#550 = FACE_OUTER_BOUND ( 'NONE', #297, .T. ) ;
#551 = EDGE_CURVE ( 'NONE', #770, #120, #984, .T. ) ;
#552 = ORIENTED_EDGE ( 'NONE', *, *, #2897, .F. ) ;
#553 = EDGE_CURVE ( 'NONE', #1237, #2916, #1223, .T. ) ;
#554 =( NAMED_UNIT ( * ) PLANE_ANGLE_UNIT ( ) SI_UNIT ( $, .RADIAN. ) );
#555 = CARTESIAN_POINT ( 'NONE',  ( -6.350000000000002309, 4.189999999999998614, 0.5699999999999999512 ) ) ;
#556 = ORIENTED_EDGE ( 'NONE', *, *, #3290, .F. ) ;
#557 =( NAMED_UNIT ( * ) SI_UNIT ( $, .STERADIAN. ) SOLID_ANGLE_UNIT ( ) );
#558 = VERTEX_POINT ( 'NONE', #3459 ) ;
#559 = LINE ( 'NONE', #784, #2336 ) ;
#560 = VERTEX_POINT ( 'NONE', #477 ) ;
#561 = SURFACE_STYLE_FILL_AREA ( #319 ) ;
#562 = DIRECTION ( 'NONE',  ( -1.000000000000000000, -1.652117596168388002E-16, 0.000000000000000000 ) ) ;
#563 = STYLED_ITEM ( 'NONE', ( #870 ), #818 ) ;
#564 = AXIS2_PLACEMENT_3D ( 'NONE', #2461, #3350, #1679 ) ;
#565 = DIRECTION ( 'NONE',  ( -0.000000000000000000, 0.000000000000000000, 1.000000000000000000 ) ) ;
#566 = ADVANCED_FACE ( 'NONE', ( #2872 ), #217, .F. ) ;
#567 = CARTESIAN_POINT ( 'NONE',  ( -2.180000000000000604, 6.349999999999998757, 0.5699999999999999512 ) ) ;
#568 = VECTOR ( 'NONE', #1622, 1000.000000000000000 ) ;
#569 =( NAMED_UNIT ( * ) PLANE_ANGLE_UNIT ( ) SI_UNIT ( $, .RADIAN. ) );
#570 = DIRECTION ( 'NONE',  ( 0.000000000000000000, 0.000000000000000000, 1.000000000000000000 ) ) ;
#571 = CARTESIAN_POINT ( 'NONE',  ( 5.000000000000000888, -5.250000000000000000, 4.320000000000000284 ) ) ;
#572 = MECHANICAL_DESIGN_GEOMETRIC_PRESENTATION_REPRESENTATION (  '', ( #1363 ), #466 ) ;
#573 = ORIENTED_EDGE ( 'NONE', *, *, #2407, .T. ) ;
#574 = VERTEX_POINT ( 'NONE', #3159 ) ;
#575 = CIRCLE ( 'NONE', #3372, 0.5000000000000000000 ) ;
#576 = SURFACE_STYLE_FILL_AREA ( #1915 ) ;
#577 = CARTESIAN_POINT ( 'NONE',  ( 0.000000000000000000, 0.000000000000000000, 0.000000000000000000 ) ) ;
#578 = DIRECTION ( 'NONE',  ( -1.000000000000000000, 6.829619984160658046E-17, -0.000000000000000000 ) ) ;
#579 = ORIENTED_EDGE ( 'NONE', *, *, #2087, .F. ) ;
#580 = COLOUR_RGB ( '',0.8627450980392157298, 0.5882352941176470784, 0.06274509803921568540 ) ;
#581 = PRESENTATION_STYLE_ASSIGNMENT (( #1101 ) ) ;
#582 =( NAMED_UNIT ( * ) PLANE_ANGLE_UNIT ( ) SI_UNIT ( $, .RADIAN. ) );
#583 = CARTESIAN_POINT ( 'NONE',  ( -5.250000000000000888, 5.250000000000000000, 4.570000000000000284 ) ) ;
#584 = AXIS2_PLACEMENT_3D ( 'NONE', #3053, #1161, #901 ) ;
#585 = CIRCLE ( 'NONE', #2393, 0.2500000000000002220 ) ;
#586 = VERTEX_POINT ( 'NONE', #2342 ) ;
#587 = CIRCLE ( 'NONE', #918, 0.3999999999999993006 ) ;
#588 = CIRCLE ( 'NONE', #364, 0.2500000000000002220 ) ;
#589 = LINE ( 'NONE', #1907, #1026 ) ;
#590 = FACE_OUTER_BOUND ( 'NONE', #660, .T. ) ;
#591 = SURFACE_STYLE_USAGE ( .BOTH. , #3037 ) ;
#592 = EDGE_CURVE ( 'NONE', #330, #3247, #1518, .T. ) ;
#593 = CARTESIAN_POINT ( 'NONE',  ( 6.349999999999998757, -0.4900000000000019340, 0.000000000000000000 ) ) ;
#594 = LINE ( 'NONE', #1985, #2154 ) ;
#595 = EDGE_CURVE ( 'NONE', #2339, #811, #1793, .T. ) ;
#596 = VERTEX_POINT ( 'NONE', #679 ) ;
#597 = EDGE_LOOP ( 'NONE', ( #3080, #1190, #3467, #1854 ) ) ;
#598 = DIRECTION ( 'NONE',  ( -6.829619984160658046E-17, -1.000000000000000000, 0.000000000000000000 ) ) ;
#599 = CARTESIAN_POINT ( 'NONE',  ( 2.539999999999983160, 3.809999999999986287, 0.5699999999999999512 ) ) ;
#600 = VERTEX_POINT ( 'NONE', #1000 ) ;
#601 = PRESENTATION_STYLE_ASSIGNMENT (( #1664 ) ) ;
#602 = PRESENTATION_STYLE_ASSIGNMENT (( #591 ) ) ;
#603 = CARTESIAN_POINT ( 'NONE',  ( 1.249999999999998224, -6.349999999999999645, 0.5699999999999999512 ) ) ;
#604 = EDGE_CURVE ( 'NONE', #538, #152, #1016, .T. ) ;
#605 = DIRECTION ( 'NONE',  ( 1.000000000000000000, 0.000000000000000000, 0.000000000000000000 ) ) ;
#606 = CARTESIAN_POINT ( 'NONE',  ( 5.250000000000000888, -5.000000000000000000, 4.570000000000000284 ) ) ;
#607 = EDGE_LOOP ( 'NONE', ( #2518, #1657, #232, #2240 ) ) ;
#608 = EDGE_CURVE ( 'NONE', #3029, #2577, #3438, .T. ) ;
#609 = DIRECTION ( 'NONE',  ( 0.000000000000000000, 0.000000000000000000, 1.000000000000000000 ) ) ;
#610 = ORIENTED_EDGE ( 'NONE', *, *, #2533, .F. ) ;
#611 = DIRECTION ( 'NONE',  ( -0.000000000000000000, 0.000000000000000000, 1.000000000000000000 ) ) ;
#612 = DIRECTION ( 'NONE',  ( 1.365923996832131856E-16, -1.000000000000000000, 0.000000000000000000 ) ) ;
#613 = CARTESIAN_POINT ( 'NONE',  ( 6.350000000000000533, 1.649999999999998579, 0.5699999999999999512 ) ) ;
#614 = ORIENTED_EDGE ( 'NONE', *, *, #2730, .T. ) ;
#615 = LINE ( 'NONE', #2252, #1420 ) ;
#616 = PRESENTATION_LAYER_ASSIGNMENT (  '', '', ( #2127 ) ) ;
#617 = UNCERTAINTY_MEASURE_WITH_UNIT (LENGTH_MEASURE( 1.000000000000000082E-05 ), #814, 'distance_accuracy_value', 'NONE');
#618 = CARTESIAN_POINT ( 'NONE',  ( -4.999999999999999112, -5.000000000000000000, 4.320000000000000284 ) ) ;
#619 = PRESENTATION_LAYER_ASSIGNMENT (  '', '', ( #2184 ) ) ;
#620 = CARTESIAN_POINT ( 'NONE',  ( 1.004999999999999449, -5.250000000000000000, 1.279999999999999805 ) ) ;
#621 = SURFACE_STYLE_FILL_AREA ( #1749 ) ;
#622 = ORIENTED_EDGE ( 'NONE', *, *, #2533, .T. ) ;
#623 = EDGE_LOOP ( 'NONE', ( #1076, #3329, #2176, #3362, #2688, #2099, #492, #1426, #381, #2580 ) ) ;
#624 = DIRECTION ( 'NONE',  ( 1.000000000000000000, 0.000000000000000000, 0.000000000000000000 ) ) ;
#625 =( GEOMETRIC_REPRESENTATION_CONTEXT ( 3 ) GLOBAL_UNCERTAINTY_ASSIGNED_CONTEXT ( ( #1516 ) ) GLOBAL_UNIT_ASSIGNED_CONTEXT ( ( #393, #117, #2811 ) ) REPRESENTATION_CONTEXT ( 'NONE', 'WORKASPACE' ) );
#626 = EDGE_CURVE ( 'NONE', #2708, #367, #2083, .T. ) ;
#627 = VERTEX_POINT ( 'NONE', #162 ) ;
#628 = VECTOR ( 'NONE', #2164, 1000.000000000000000 ) ;
#629 = DIRECTION ( 'NONE',  ( 0.000000000000000000, 1.000000000000000000, 0.000000000000000000 ) ) ;
#630 = COLOUR_RGB ( '',0.8627450980392157298, 0.5882352941176470784, 0.06274509803921568540 ) ;
#631 = AXIS2_PLACEMENT_3D ( 'NONE', #150, #3345, #1727 ) ;
#632 = ORIENTED_EDGE ( 'NONE', *, *, #2569, .T. ) ;
#633 = STYLED_ITEM ( 'NONE', ( #2462 ), #2982 ) ;
#634 = SURFACE_STYLE_USAGE ( .BOTH. , #1960 ) ;
#635 = CIRCLE ( 'NONE', #2501, 0.3999999999999993006 ) ;
#636 = CARTESIAN_POINT ( 'NONE',  ( -5.250000000000000888, 5.250000000000000000, 4.570000000000000284 ) ) ;
#637 = DIRECTION ( 'NONE',  ( 1.365923996832131609E-16, -1.000000000000000000, 0.000000000000000000 ) ) ;
#638 = PRESENTATION_LAYER_ASSIGNMENT (  '', '', ( #1257 ) ) ;
#639 = PRESENTATION_LAYER_ASSIGNMENT (  '', '', ( #1936 ) ) ;
#640 = CARTESIAN_POINT ( 'NONE',  ( 6.349999999999997868, 6.349999999999997868, 0.5699999999999999512 ) ) ;
#641 = CARTESIAN_POINT ( 'NONE',  ( -5.000000000000000888, 5.000000000000000000, 4.320000000000000284 ) ) ;
#642 = VECTOR ( 'NONE', #2481, 1000.000000000000000 ) ;
#643 = CARTESIAN_POINT ( 'NONE',  ( -2.305000000000000604, -4.900000000000000355, 1.779999999999999805 ) ) ;
#644 = ORIENTED_EDGE ( 'NONE', *, *, #698, .F. ) ;
#645 = APPLICATION_PROTOCOL_DEFINITION ( 'draft international standard', 'automotive_design', 1998, #3479 ) ;
#646 = ORIENTED_EDGE ( 'NONE', *, *, #736, .T. ) ;
#647 =( LENGTH_UNIT ( ) NAMED_UNIT ( * ) SI_UNIT ( .MILLI., .METRE. ) );
#648 = FACE_OUTER_BOUND ( 'NONE', #3212, .T. ) ;
#649 = CYLINDRICAL_SURFACE ( 'NONE', #2210, 0.4000000000000006328 ) ;
#650 = ADVANCED_FACE ( 'NONE', ( #2301 ), #769, .F. ) ;
#651 = ORIENTED_EDGE ( 'NONE', *, *, #102, .F. ) ;
#652 = PLANE ( 'NONE',  #3193 ) ;
#653 = UNCERTAINTY_MEASURE_WITH_UNIT (LENGTH_MEASURE( 1.000000000000000082E-05 ), #1952, 'distance_accuracy_value', 'NONE');
#654 = ADVANCED_FACE ( 'NONE', ( #3218 ), #2735, .F. ) ;
#655 = EDGE_CURVE ( 'NONE', #1237, #3450, #2698, .T. ) ;
#656 = LINE ( 'NONE', #2010, #2586 ) ;
#657 = CARTESIAN_POINT ( 'NONE',  ( -6.350000000000000533, -0.4900000000000019340, 0.000000000000000000 ) ) ;
#658 = DIRECTION ( 'NONE',  ( 1.000000000000000000, 0.000000000000000000, 0.000000000000000000 ) ) ;
#659 = VERTEX_POINT ( 'NONE', #283 ) ;
#660 = EDGE_LOOP ( 'NONE', ( #610, #1059, #2351, #2463 ) ) ;
#661 = CARTESIAN_POINT ( 'NONE',  ( 6.349999999999999645, -6.349999999999999645, 0.000000000000000000 ) ) ;
#662 =( LENGTH_UNIT ( ) NAMED_UNIT ( * ) SI_UNIT ( .MILLI., .METRE. ) );
#663 = CARTESIAN_POINT ( 'NONE',  ( 6.349999999999999645, -6.349999999999999645, 0.5699999999999999512 ) ) ;
#664 = ORIENTED_EDGE ( 'NONE', *, *, #2108, .F. ) ;
#665 = SURFACE_STYLE_FILL_AREA ( #3107 ) ;
#666 = VECTOR ( 'NONE', #708, 1000.000000000000000 ) ;
#667 =( LENGTH_UNIT ( ) NAMED_UNIT ( * ) SI_UNIT ( .MILLI., .METRE. ) );
#668 = EDGE_CURVE ( 'NONE', #2883, #1463, #1315, .T. ) ;
#669 = CARTESIAN_POINT ( 'NONE',  ( -5.250000000000000000, -5.250000000000000000, 4.320000000000000284 ) ) ;
#670 = VECTOR ( 'NONE', #2627, 1000.000000000000000 ) ;
#671 = SURFACE_SIDE_STYLE ('',( #1750 ) ) ;
#672 = VECTOR ( 'NONE', #270, 1000.000000000000000 ) ;
#673 = DIRECTION ( 'NONE',  ( 1.000000000000000000, 0.000000000000000000, 0.000000000000000000 ) ) ;
#674 = ORIENTED_EDGE ( 'NONE', *, *, #845, .T. ) ;
#675 = VECTOR ( 'NONE', #765, 1000.000000000000000 ) ;
#676 = DIRECTION ( 'NONE',  ( -0.000000000000000000, -0.000000000000000000, 1.000000000000000000 ) ) ;
#677 = MECHANICAL_DESIGN_GEOMETRIC_PRESENTATION_REPRESENTATION (  '', ( #401 ), #3419 ) ;
#678 = ORIENTED_EDGE ( 'NONE', *, *, #1021, .T. ) ;
#679 = CARTESIAN_POINT ( 'NONE',  ( -6.350000000000000533, 1.249999999999999112, 0.000000000000000000 ) ) ;
#680 = DIRECTION ( 'NONE',  ( 1.000000000000000000, 0.000000000000000000, 0.000000000000000000 ) ) ;
#681 = PRESENTATION_LAYER_ASSIGNMENT (  '', '', ( #183 ) ) ;
#682 = DIRECTION ( 'NONE',  ( -8.260587980841940012E-17, 1.000000000000000000, 0.000000000000000000 ) ) ;
#683 = EDGE_LOOP ( 'NONE', ( #579, #806, #1384, #1538 ) ) ;
#684 = CARTESIAN_POINT ( 'NONE',  ( 2.304999999999999716, 4.900000000000000355, 1.279999999999999805 ) ) ;
#685 = CIRCLE ( 'NONE', #1877, 0.3999999999999993006 ) ;
#686 = EDGE_LOOP ( 'NONE', ( #1905, #3342, #2867, #552 ) ) ;
#687 = VECTOR ( 'NONE', #2515, 1000.000000000000000 ) ;
#688 = SURFACE_STYLE_FILL_AREA ( #3095 ) ;
#689 = CIRCLE ( 'NONE', #2970, 0.2500000000000002220 ) ;
#690 = LINE ( 'NONE', #2865, #1932 ) ;
#691 = DIRECTION ( 'NONE',  ( -0.000000000000000000, 0.000000000000000000, 1.000000000000000000 ) ) ;
#692 = MECHANICAL_DESIGN_GEOMETRIC_PRESENTATION_REPRESENTATION (  '', ( #3375 ), #1766 ) ;
#693 = EDGE_CURVE ( 'NONE', #2208, #2577, #1654, .T. ) ;
#694 = DIRECTION ( 'NONE',  ( 1.000000000000000000, 0.000000000000000000, 0.000000000000000000 ) ) ;
#695 = ORIENTED_EDGE ( 'NONE', *, *, #1708, .F. ) ;
#696 = CIRCLE ( 'NONE', #1141, 0.3999999999999993006 ) ;
#697 = DIRECTION ( 'NONE',  ( -1.365923996832131856E-16, 1.000000000000000000, -0.000000000000000000 ) ) ;
#698 = EDGE_CURVE ( 'NONE', #2002, #3283, #3006, .T. ) ;
#699 = FACE_OUTER_BOUND ( 'NONE', #1788, .T. ) ;
#700 =( GEOMETRIC_REPRESENTATION_CONTEXT ( 3 ) GLOBAL_UNCERTAINTY_ASSIGNED_CONTEXT ( ( #1435 ) ) GLOBAL_UNIT_ASSIGNED_CONTEXT ( ( #2936, #1085, #1609 ) ) REPRESENTATION_CONTEXT ( 'NONE', 'WORKASPACE' ) );
#701 = SURFACE_STYLE_FILL_AREA ( #3413 ) ;
#702 = DIRECTION ( 'NONE',  ( 0.000000000000000000, 0.000000000000000000, 1.000000000000000000 ) ) ;
#703 =( NAMED_UNIT ( * ) PLANE_ANGLE_UNIT ( ) SI_UNIT ( $, .RADIAN. ) );
#704 = VERTEX_POINT ( 'NONE', #3248 ) ;
#705 =( NAMED_UNIT ( * ) SI_UNIT ( $, .STERADIAN. ) SOLID_ANGLE_UNIT ( ) );
#706 =( NAMED_UNIT ( * ) SI_UNIT ( $, .STERADIAN. ) SOLID_ANGLE_UNIT ( ) );
#707 = ORIENTED_EDGE ( 'NONE', *, *, #1887, .T. ) ;
#708 = DIRECTION ( 'NONE',  ( 0.000000000000000000, -0.000000000000000000, 1.000000000000000000 ) ) ;
#709 = SURFACE_SIDE_STYLE ('',( #2881 ) ) ;
#710 = PRESENTATION_STYLE_ASSIGNMENT (( #1272 ) ) ;
#711 = ORIENTED_EDGE ( 'NONE', *, *, #2126, .T. ) ;
#712 = EDGE_CURVE ( 'NONE', #1312, #1996, #1048, .T. ) ;
#713 = VERTEX_POINT ( 'NONE', #2151 ) ;
#714 = DIRECTION ( 'NONE',  ( -1.000000000000000000, 6.829619984160658046E-17, -0.000000000000000000 ) ) ;
#715 = EDGE_CURVE ( 'NONE', #1735, #483, #3281, .T. ) ;
#716 = FILL_AREA_STYLE ('',( #218 ) ) ;
#717 = SURFACE_SIDE_STYLE ('',( #2324 ) ) ;
#718 = ORIENTED_EDGE ( 'NONE', *, *, #291, .F. ) ;
#719 = DIRECTION ( 'NONE',  ( 1.000000000000000000, 0.000000000000000000, 0.000000000000000000 ) ) ;
#720 = CARTESIAN_POINT ( 'NONE',  ( 5.000000000000001776, -5.250000000000000000, 4.570000000000000284 ) ) ;
#721 = SURFACE_STYLE_FILL_AREA ( #3165 ) ;
#722 = ORIENTED_EDGE ( 'NONE', *, *, #592, .T. ) ;
#723 = LINE ( 'NONE', #391, #2479 ) ;
#724 = PLANE ( 'NONE',  #1072 ) ;
#725 =( LENGTH_UNIT ( ) NAMED_UNIT ( * ) SI_UNIT ( .MILLI., .METRE. ) );
#726 = VECTOR ( 'NONE', #3047, 1000.000000000000000 ) ;
#727 = ORIENTED_EDGE ( 'NONE', *, *, #397, .F. ) ;
#728 = UNCERTAINTY_MEASURE_WITH_UNIT (LENGTH_MEASURE( 1.000000000000000082E-05 ), #1405, 'distance_accuracy_value', 'NONE');
#729 = STYLED_ITEM ( 'NONE', ( #2790 ), #778 ) ;
#730 =( NAMED_UNIT ( * ) PLANE_ANGLE_UNIT ( ) SI_UNIT ( $, .RADIAN. ) );
#731 =( GEOMETRIC_REPRESENTATION_CONTEXT ( 3 ) GLOBAL_UNCERTAINTY_ASSIGNED_CONTEXT ( ( #38 ) ) GLOBAL_UNIT_ASSIGNED_CONTEXT ( ( #2622, #156, #1256 ) ) REPRESENTATION_CONTEXT ( 'NONE', 'WORKASPACE' ) );
#732 = CARTESIAN_POINT ( 'NONE',  ( -6.349999999999999645, -6.350000000000000533, 0.5699999999999999512 ) ) ;
#733 = CARTESIAN_POINT ( 'NONE',  ( -6.350000000000001421, 6.349999999999998757, 0.5699999999999999512 ) ) ;
#734 = CARTESIAN_POINT ( 'NONE',  ( -5.000000000000000888, 5.000000000000000000, 0.5700000000000001732 ) ) ;
#735 = CYLINDRICAL_SURFACE ( 'NONE', #2972, 0.2500000000000002220 ) ;
#736 = EDGE_CURVE ( 'NONE', #3513, #2933, #1347, .T. ) ;
#737 = ORIENTED_EDGE ( 'NONE', *, *, #2807, .F. ) ;
#738 = AXIS2_PLACEMENT_3D ( 'NONE', #211, #1576, #3469 ) ;
#739 = DIRECTION ( 'NONE',  ( -0.000000000000000000, -0.000000000000000000, 1.000000000000000000 ) ) ;
#740 = EDGE_CURVE ( 'NONE', #2962, #3516, #64, .T. ) ;
#741 = COLOUR_RGB ( '',0.8431372549019607865, 0.8431372549019607865, 0.8431372549019607865 ) ;
#742 = DIRECTION ( 'NONE',  ( -1.365923996832131856E-16, 1.000000000000000000, -0.000000000000000000 ) ) ;
#743 = ORIENTED_EDGE ( 'NONE', *, *, #1074, .F. ) ;
#744 = DIRECTION ( 'NONE',  ( -1.365923996832131856E-16, 1.000000000000000000, -0.000000000000000000 ) ) ;
#745 = CIRCLE ( 'NONE', #22, 0.3999999999999993006 ) ;
#746 = VECTOR ( 'NONE', #1981, 1000.000000000000000 ) ;
#747 = STYLED_ITEM ( 'NONE', ( #2705 ), #1776 ) ;
#748 = ORIENTED_EDGE ( 'NONE', *, *, #693, .F. ) ;
#749 = AXIS2_PLACEMENT_3D ( 'NONE', #72, #1152, #1447 ) ;
#750 = FACE_OUTER_BOUND ( 'NONE', #1399, .T. ) ;
#751 = DIRECTION ( 'NONE',  ( 0.000000000000000000, -0.000000000000000000, -1.000000000000000000 ) ) ;
#752 = COLOUR_RGB ( '',0.8431372549019607865, 0.8431372549019607865, 0.8431372549019607865 ) ;
#753 = VECTOR ( 'NONE', #578, 1000.000000000000000 ) ;
#754 = CARTESIAN_POINT ( 'NONE',  ( -6.350000000000001421, 6.349999999999998757, 0.5699999999999999512 ) ) ;
#755 = CARTESIAN_POINT ( 'NONE',  ( 0.000000000000000000, 5.000000000000000000, 4.320000000000000284 ) ) ;
#756 = VECTOR ( 'NONE', #3454, 1000.000000000000000 ) ;
#757 = ORIENTED_EDGE ( 'NONE', *, *, #2407, .F. ) ;
#758 = DIRECTION ( 'NONE',  ( -0.000000000000000000, 0.000000000000000000, -1.000000000000000000 ) ) ;
#759 = EDGE_CURVE ( 'NONE', #558, #1153, #300, .T. ) ;
#760 = SURFACE_SIDE_STYLE ('',( #948 ) ) ;
#761 = ORIENTED_EDGE ( 'NONE', *, *, #1522, .F. ) ;
#762 = DIRECTION ( 'NONE',  ( 0.000000000000000000, -1.000000000000000000, 0.000000000000000000 ) ) ;
#763 = DIRECTION ( 'NONE',  ( 0.000000000000000000, 0.000000000000000000, -1.000000000000000000 ) ) ;
#764 = EDGE_CURVE ( 'NONE', #558, #247, #2020, .T. ) ;
#765 = DIRECTION ( 'NONE',  ( 1.000000000000000000, -0.000000000000000000, 0.000000000000000000 ) ) ;
#766 = EDGE_CURVE ( 'NONE', #3104, #423, #1667, .T. ) ;
#767 = CARTESIAN_POINT ( 'NONE',  ( 6.349999999999997868, 4.589999999999998082, 0.000000000000000000 ) ) ;
#768 = VERTEX_POINT ( 'NONE', #1397 ) ;
#769 = CYLINDRICAL_SURFACE ( 'NONE', #1914, 0.3999999999999993006 ) ;
#770 = VERTEX_POINT ( 'NONE', #849 ) ;
#771 = DIRECTION ( 'NONE',  ( 1.000000000000000000, 0.000000000000000000, 0.000000000000000000 ) ) ;
#772 = DIRECTION ( 'NONE',  ( -1.365923996832131856E-16, 1.000000000000000000, -0.000000000000000000 ) ) ;
#773 = ORIENTED_EDGE ( 'NONE', *, *, #2737, .F. ) ;
#774 = DIRECTION ( 'NONE',  ( 1.000000000000000000, 6.829619984160658046E-17, 0.000000000000000000 ) ) ;
#775 = ORIENTED_EDGE ( 'NONE', *, *, #1142, .T. ) ;
#776 = DIRECTION ( 'NONE',  ( -0.000000000000000000, -0.000000000000000000, -1.000000000000000000 ) ) ;
#777 =( LENGTH_UNIT ( ) NAMED_UNIT ( * ) SI_UNIT ( .MILLI., .METRE. ) );
#778 = ADVANCED_FACE ( 'NONE', ( #2752 ), #921, .F. ) ;
#779 = ORIENTED_EDGE ( 'NONE', *, *, #1166, .T. ) ;
#780 = DIRECTION ( 'NONE',  ( 1.000000000000000000, 0.000000000000000000, 0.000000000000000000 ) ) ;
#781 = VERTEX_POINT ( 'NONE', #3374 ) ;
#782 = AXIS2_PLACEMENT_3D ( 'NONE', #3228, #1269, #2189 ) ;
#783 = DIRECTION ( 'NONE',  ( -0.000000000000000000, -0.000000000000000000, 1.000000000000000000 ) ) ;
#784 = CARTESIAN_POINT ( 'NONE',  ( 1.004999999999999449, 6.350999999999999979, 1.279999999999999805 ) ) ;
#785 = LINE ( 'NONE', #3285, #753 ) ;
#786 = VECTOR ( 'NONE', #1702, 1000.000000000000000 ) ;
#787 = EDGE_LOOP ( 'NONE', ( #2697, #1421, #664, #1958, #3492, #1167 ) ) ;
#788 = DIRECTION ( 'NONE',  ( -8.260587980841940012E-17, 1.000000000000000000, 0.000000000000000000 ) ) ;
#789 = EDGE_LOOP ( 'NONE', ( #2110, #868, #3087, #1715 ) ) ;
#790 = COLOUR_RGB ( '',0.8627450980392157298, 0.5882352941176470784, 0.06274509803921568540 ) ;
#791 = DIRECTION ( 'NONE',  ( -0.000000000000000000, 1.000000000000000000, -0.000000000000000000 ) ) ;
#792 = MECHANICAL_DESIGN_GEOMETRIC_PRESENTATION_REPRESENTATION (  '', ( #1644 ), #2081 ) ;
#793 = FILL_AREA_STYLE_COLOUR ( '', #3184 ) ;
#794 = LINE ( 'NONE', #1344, #2847 ) ;
#795 = ORIENTED_EDGE ( 'NONE', *, *, #356, .F. ) ;
#796 = VECTOR ( 'NONE', #1247, 1000.000000000000000 ) ;
#797 = EDGE_CURVE ( 'NONE', #3255, #3224, #3096, .T. ) ;
#798 = DIRECTION ( 'NONE',  ( 0.000000000000000000, -1.000000000000000000, 0.000000000000000000 ) ) ;
#799 = DIRECTION ( 'NONE',  ( 1.365923996832131609E-16, -1.000000000000000000, 0.000000000000000000 ) ) ;
#800 = AXIS2_PLACEMENT_3D ( 'NONE', #2975, #1031, #3508 ) ;
#801 = VECTOR ( 'NONE', #159, 1000.000000000000000 ) ;
#802 = LINE ( 'NONE', #2964, #3203 ) ;
#803 = EDGE_CURVE ( 'NONE', #2291, #3114, #118, .T. ) ;
#804 = CARTESIAN_POINT ( 'NONE',  ( 1.159999999999999032, 6.349999999999997868, 0.5699999999999999512 ) ) ;
#805 = AXIS2_PLACEMENT_3D ( 'NONE', #293, #3349, #2839 ) ;
#806 = ORIENTED_EDGE ( 'NONE', *, *, #2192, .F. ) ;
#807 = DIRECTION ( 'NONE',  ( 0.000000000000000000, 0.000000000000000000, 1.000000000000000000 ) ) ;
#808 = COLOUR_RGB ( '',0.8627450980392157298, 0.5882352941176470784, 0.06274509803921568540 ) ;
#809 = SURFACE_STYLE_FILL_AREA ( #3289 ) ;
#810 = AXIS2_PLACEMENT_3D ( 'NONE', #755, #771, #1588 ) ;
#811 = VERTEX_POINT ( 'NONE', #643 ) ;
#812 = FILL_AREA_STYLE_COLOUR ( '', #3493 ) ;
#813 = CARTESIAN_POINT ( 'NONE',  ( -2.805000000000000604, -5.250000000000000000, 0.5699999999999999512 ) ) ;
#814 =( LENGTH_UNIT ( ) NAMED_UNIT ( * ) SI_UNIT ( .MILLI., .METRE. ) );
#815 = ORIENTED_EDGE ( 'NONE', *, *, #2444, .T. ) ;
#816 = CARTESIAN_POINT ( 'NONE',  ( -6.350000000000001421, -3.430000000000001492, 0.000000000000000000 ) ) ;
#817 = FILL_AREA_STYLE ('',( #2432 ) ) ;
#818 = ADVANCED_FACE ( 'NONE', ( #2204 ), #1733, .F. ) ;
#819 = ORIENTED_EDGE ( 'NONE', *, *, #764, .T. ) ;
#820 =( NAMED_UNIT ( * ) SI_UNIT ( $, .STERADIAN. ) SOLID_ANGLE_UNIT ( ) );
#821 = DIRECTION ( 'NONE',  ( -0.000000000000000000, 0.000000000000000000, 1.000000000000000000 ) ) ;
#822 = CARTESIAN_POINT ( 'NONE',  ( 6.349999999999997868, 6.349999999999997868, 0.5699999999999999512 ) ) ;
#823 = ADVANCED_FACE ( 'NONE', ( #2812 ), #2315, .F. ) ;
#824 = ORIENTED_EDGE ( 'NONE', *, *, #1845, .F. ) ;
#825 = DIRECTION ( 'NONE',  ( -6.829619984160658046E-17, 1.000000000000000000, 0.000000000000000000 ) ) ;
#826 = CARTESIAN_POINT ( 'NONE',  ( -3.030000000000001137, -6.350000000000000533, 0.000000000000000000 ) ) ;
#827 = VERTEX_POINT ( 'NONE', #935 ) ;
#828 = CARTESIAN_POINT ( 'NONE',  ( -5.000000000000000888, 5.250000000000000000, 4.320000000000000284 ) ) ;
#829 = DIRECTION ( 'NONE',  ( 1.000000000000000000, -0.000000000000000000, -3.469446951953610639E-15 ) ) ;
#830 = CARTESIAN_POINT ( 'NONE',  ( 6.349999999999999645, -6.349999999999999645, 0.5699999999999999512 ) ) ;
#831 = CARTESIAN_POINT ( 'NONE',  ( -5.000000000000000000, -5.000000000000000000, 0.5700000000000001732 ) ) ;
#832 = CARTESIAN_POINT ( 'NONE',  ( -2.805000000000000604, -5.250000000000000000, 1.279999999999999805 ) ) ;
#833 = DIRECTION ( 'NONE',  ( -0.000000000000000000, -0.000000000000000000, 1.000000000000000000 ) ) ;
#834 = ORIENTED_EDGE ( 'NONE', *, *, #2219, .T. ) ;
#835 = ORIENTED_EDGE ( 'NONE', *, *, #911, .T. ) ;
#836 = PRESENTATION_STYLE_ASSIGNMENT (( #2170 ) ) ;
#837 = VECTOR ( 'NONE', #2225, 1000.000000000000000 ) ;
#838 = ORIENTED_EDGE ( 'NONE', *, *, #2535, .F. ) ;
#839 =( NAMED_UNIT ( * ) PLANE_ANGLE_UNIT ( ) SI_UNIT ( $, .RADIAN. ) );
#840 = FACE_OUTER_BOUND ( 'NONE', #191, .T. ) ;
#841 = EDGE_CURVE ( 'NONE', #21, #113, #2281, .T. ) ;
#842 = ORIENTED_EDGE ( 'NONE', *, *, #85, .T. ) ;
#843 = STYLED_ITEM ( 'NONE', ( #1160 ), #1041 ) ;
#844 = CYLINDRICAL_SURFACE ( 'NONE', #1925, 0.3999999999999993006 ) ;
#845 = EDGE_CURVE ( 'NONE', #659, #2008, #2927, .T. ) ;
#846 = CARTESIAN_POINT ( 'NONE',  ( -6.350000000000001421, 6.349999999999998757, 0.5699999999999999512 ) ) ;
#847 = CARTESIAN_POINT ( 'NONE',  ( -6.350000000000001421, 4.589999999999998082, 0.5699999999999999512 ) ) ;
#848 = PRESENTATION_LAYER_ASSIGNMENT (  '', '', ( #1644 ) ) ;
#849 = CARTESIAN_POINT ( 'NONE',  ( 1.249999999999998224, -6.349999999999999645, 0.000000000000000000 ) ) ;
#850 = LINE ( 'NONE', #606, #3086 ) ;
#851 = STYLED_ITEM ( 'NONE', ( #2783 ), #1587 ) ;
#852 = EDGE_LOOP ( 'NONE', ( #1753, #1526, #876, #2209, #2772, #2524, #2397, #3098, #2378, #3430 ) ) ;
#853 = ORIENTED_EDGE ( 'NONE', *, *, #1166, .F. ) ;
#854 = CIRCLE ( 'NONE', #469, 0.2500000000000002220 ) ;
#855 = MECHANICAL_DESIGN_GEOMETRIC_PRESENTATION_REPRESENTATION (  '', ( #3197 ), #468 ) ;
#856 = VERTEX_POINT ( 'NONE', #168 ) ;
#857 = CARTESIAN_POINT ( 'NONE',  ( 5.000000000000000888, -5.000000000000000000, 4.320000000000000284 ) ) ;
#858 = CARTESIAN_POINT ( 'NONE',  ( -2.305000000000000604, 6.350999999999999979, 1.279999999999999805 ) ) ;
#859 =( NAMED_UNIT ( * ) PLANE_ANGLE_UNIT ( ) SI_UNIT ( $, .RADIAN. ) );
#860 = COLOUR_RGB ( '',0.2862745098039215508, 0.2862745098039215508, 0.2862745098039215508 ) ;
#861 = ORIENTED_EDGE ( 'NONE', *, *, #1693, .F. ) ;
#862 = UNCERTAINTY_MEASURE_WITH_UNIT (LENGTH_MEASURE( 1.000000000000000082E-05 ), #3090, 'distance_accuracy_value', 'NONE');
#863 =( GEOMETRIC_REPRESENTATION_CONTEXT ( 3 ) GLOBAL_UNCERTAINTY_ASSIGNED_CONTEXT ( ( #862 ) ) GLOBAL_UNIT_ASSIGNED_CONTEXT ( ( #3090, #859, #2006 ) ) REPRESENTATION_CONTEXT ( 'NONE', 'WORKASPACE' ) );
#864 = EDGE_CURVE ( 'NONE', #2349, #2266, #2337, .T. ) ;
#865 = CARTESIAN_POINT ( 'NONE',  ( -1.380000000000001226, 6.349999999999998757, 0.5699999999999999512 ) ) ;
#866 = DIRECTION ( 'NONE',  ( 1.000000000000000000, 0.000000000000000000, 0.000000000000000000 ) ) ;
#867 = ADVANCED_FACE ( 'NONE', ( #3470 ), #2599, .F. ) ;
#868 = ORIENTED_EDGE ( 'NONE', *, *, #1454, .F. ) ;
#869 = DIRECTION ( 'NONE',  ( 1.365923996832131609E-16, -1.000000000000000000, 0.000000000000000000 ) ) ;
#870 = PRESENTATION_STYLE_ASSIGNMENT (( #1477 ) ) ;
#871 = FACE_OUTER_BOUND ( 'NONE', #789, .T. ) ;
#872 = ORIENTED_EDGE ( 'NONE', *, *, #2996, .F. ) ;
#873 = ORIENTED_EDGE ( 'NONE', *, *, #1797, .F. ) ;
#874 = SURFACE_SIDE_STYLE ('',( #1671 ) ) ;
#875 = CARTESIAN_POINT ( 'NONE',  ( -5.000000000000000888, 5.250000000000000000, 4.570000000000000284 ) ) ;
#876 = ORIENTED_EDGE ( 'NONE', *, *, #1002, .F. ) ;
#877 = DIRECTION ( 'NONE',  ( 0.000000000000000000, -1.000000000000000000, 0.000000000000000000 ) ) ;
#878 = DIRECTION ( 'NONE',  ( -1.000000000000000000, -0.000000000000000000, 0.000000000000000000 ) ) ;
#879 = DIRECTION ( 'NONE',  ( 0.000000000000000000, 0.000000000000000000, 1.000000000000000000 ) ) ;
#880 = FACE_OUTER_BOUND ( 'NONE', #2519, .T. ) ;
#881 = ORIENTED_EDGE ( 'NONE', *, *, #2048, .F. ) ;
#882 = CARTESIAN_POINT ( 'NONE',  ( 1.004999999999999449, -4.900000000000000355, 1.279999999999999805 ) ) ;
#883 =( LENGTH_UNIT ( ) NAMED_UNIT ( * ) SI_UNIT ( .MILLI., .METRE. ) );
#884 = CARTESIAN_POINT ( 'NONE',  ( -6.350000000000001421, 6.349999999999998757, 0.5699999999999999512 ) ) ;
#885 = DIRECTION ( 'NONE',  ( -1.000000000000000000, 6.829619984160658046E-17, -0.000000000000000000 ) ) ;
#886 = SURFACE_SIDE_STYLE ('',( #2531 ) ) ;
#887 = EDGE_CURVE ( 'NONE', #856, #1368, #902, .T. ) ;
#888 = DIRECTION ( 'NONE',  ( 1.000000000000000000, 0.000000000000000000, 0.000000000000000000 ) ) ;
#889 = ORIENTED_EDGE ( 'NONE', *, *, #2960, .F. ) ;
#890 = ORIENTED_EDGE ( 'NONE', *, *, #1271, .F. ) ;
#891 = ORIENTED_EDGE ( 'NONE', *, *, #1002, .T. ) ;
#892 = LINE ( 'NONE', #74, #2243 ) ;
#893 = CARTESIAN_POINT ( 'NONE',  ( 4.999999999999999112, 5.000000000000000000, 4.320000000000000284 ) ) ;
#894 = DIRECTION ( 'NONE',  ( 1.000000000000000000, 0.000000000000000000, 0.000000000000000000 ) ) ;
#895 = ORIENTED_EDGE ( 'NONE', *, *, #803, .F. ) ;
#896 = DIRECTION ( 'NONE',  ( 0.000000000000000000, 0.000000000000000000, -1.000000000000000000 ) ) ;
#897 =( GEOMETRIC_REPRESENTATION_CONTEXT ( 3 ) GLOBAL_UNCERTAINTY_ASSIGNED_CONTEXT ( ( #249 ) ) GLOBAL_UNIT_ASSIGNED_CONTEXT ( ( #2450, #1583, #557 ) ) REPRESENTATION_CONTEXT ( 'NONE', 'WORKASPACE' ) );
#898 = CARTESIAN_POINT ( 'NONE',  ( 6.349999999999997868, 3.789999999999998703, 0.5699999999999999512 ) ) ;
#899 = UNCERTAINTY_MEASURE_WITH_UNIT (LENGTH_MEASURE( 1.000000000000000082E-05 ), #2858, 'distance_accuracy_value', 'NONE');
#900 = PLANE ( 'NONE',  #564 ) ;
#901 = DIRECTION ( 'NONE',  ( 1.652117596168388002E-16, -1.000000000000000000, 0.000000000000000000 ) ) ;
#902 = CIRCLE ( 'NONE', #3359, 0.5000000000000000000 ) ;
#903 = CARTESIAN_POINT ( 'NONE',  ( -6.350000000000001421, 6.349999999999998757, 0.5699999999999999512 ) ) ;
#904 =( NAMED_UNIT ( * ) SI_UNIT ( $, .STERADIAN. ) SOLID_ANGLE_UNIT ( ) );
#905 = ORIENTED_EDGE ( 'NONE', *, *, #2357, .F. ) ;
#906 = STYLED_ITEM ( 'NONE', ( #3387 ), #1102 ) ;
#907 = ADVANCED_FACE ( 'NONE', ( #489 ), #3112, .F. ) ;
#908 = MECHANICAL_DESIGN_GEOMETRIC_PRESENTATION_REPRESENTATION (  '', ( #1983 ), #2255 ) ;
#909 = VERTEX_POINT ( 'NONE', #1861 ) ;
#910 = LINE ( 'NONE', #2558, #2536 ) ;
#911 = EDGE_CURVE ( 'NONE', #1662, #98, #2716, .T. ) ;
#912 = CIRCLE ( 'NONE', #2907, 0.5000000000000000000 ) ;
#913 = CARTESIAN_POINT ( 'NONE',  ( 6.349999999999997868, 6.349999999999997868, 0.5699999999999999512 ) ) ;
#914 = EDGE_CURVE ( 'NONE', #2475, #1874, #3278, .T. ) ;
#915 = COLOUR_RGB ( '',0.8431372549019607865, 0.8431372549019607865, 0.8431372549019607865 ) ;
#916 = ORIENTED_EDGE ( 'NONE', *, *, #276, .T. ) ;
#917 = DIRECTION ( 'NONE',  ( 0.000000000000000000, 0.000000000000000000, 1.000000000000000000 ) ) ;
#918 = AXIS2_PLACEMENT_3D ( 'NONE', #613, #3366, #1468 ) ;
#919 = AXIS2_PLACEMENT_3D ( 'NONE', #2581, #2884, #2931 ) ;
#920 = STYLED_ITEM ( 'NONE', ( #2207 ), #2751 ) ;
#921 = CYLINDRICAL_SURFACE ( 'NONE', #3180, 0.3999999999999993006 ) ;
#922 =( NAMED_UNIT ( * ) PLANE_ANGLE_UNIT ( ) SI_UNIT ( $, .RADIAN. ) );
#923 = ORIENTED_EDGE ( 'NONE', *, *, #3135, .F. ) ;
#924 = UNCERTAINTY_MEASURE_WITH_UNIT (LENGTH_MEASURE( 1.000000000000000082E-05 ), #166, 'distance_accuracy_value', 'NONE');
#925 = CARTESIAN_POINT ( 'NONE',  ( -6.349999999999999645, -6.350000000000000533, 0.000000000000000000 ) ) ;
#926 = EDGE_LOOP ( 'NONE', ( #3158, #1670 ) ) ;
#927 = DIRECTION ( 'NONE',  ( 1.000000000000000000, 0.000000000000000000, 0.000000000000000000 ) ) ;
#928 = LINE ( 'NONE', #1712, #1919 ) ;
#929 = SURFACE_SIDE_STYLE ('',( #2249 ) ) ;
#930 = DIRECTION ( 'NONE',  ( 1.365923996832131609E-16, -1.000000000000000000, 0.000000000000000000 ) ) ;
#931 = EDGE_CURVE ( 'NONE', #1874, #770, #67, .T. ) ;
#932 = VERTEX_POINT ( 'NONE', #504 ) ;
#933 = FILL_AREA_STYLE ('',( #1158 ) ) ;
#934 = PRESENTATION_STYLE_ASSIGNMENT (( #2059 ) ) ;
#935 = CARTESIAN_POINT ( 'NONE',  ( 0.5049999999999993383, -5.250000000000000000, 1.779999999999999805 ) ) ;
#936 = FACE_OUTER_BOUND ( 'NONE', #1892, .T. ) ;
#937 = ORIENTED_EDGE ( 'NONE', *, *, #102, .T. ) ;
#938 = DIRECTION ( 'NONE',  ( 1.000000000000000000, 0.000000000000000000, 0.000000000000000000 ) ) ;
#939 = CARTESIAN_POINT ( 'NONE',  ( -4.900000000000001243, 4.900000000000000355, 4.220000000000000639 ) ) ;
#940 = ORIENTED_EDGE ( 'NONE', *, *, #1946, .T. ) ;
#941 = CARTESIAN_POINT ( 'NONE',  ( -6.349999999999999645, -6.350000000000000533, 0.5699999999999999512 ) ) ;
#942 = SURFACE_STYLE_USAGE ( .BOTH. , #3439 ) ;
#943 = LINE ( 'NONE', #599, #251 ) ;
#944 = FILL_AREA_STYLE ('',( #1020 ) ) ;
#945 = ORIENTED_EDGE ( 'NONE', *, *, #1708, .T. ) ;
#946 = SURFACE_STYLE_USAGE ( .BOTH. , #387 ) ;
#947 = EDGE_CURVE ( 'NONE', #2836, #2115, #1288, .T. ) ;
#948 = SURFACE_STYLE_FILL_AREA ( #424 ) ;
#949 = VECTOR ( 'NONE', #1963, 1000.000000000000000 ) ;
#950 = ORIENTED_EDGE ( 'NONE', *, *, #864, .F. ) ;
#951 = CARTESIAN_POINT ( 'NONE',  ( 5.000000000000001776, -5.250000000000000000, 0.5699999999999999512 ) ) ;
#952 = VECTOR ( 'NONE', #1504, 1000.000000000000000 ) ;
#953 = EDGE_CURVE ( 'NONE', #93, #2981, #3519, .T. ) ;
#954 = APPLICATION_CONTEXT ( 'automotive_design' ) ;
#955 = CARTESIAN_POINT ( 'NONE',  ( 2.304999999999999716, 5.250000000000000000, 1.279999999999999805 ) ) ;
#956 = PRESENTATION_LAYER_ASSIGNMENT (  '', '', ( #729 ) ) ;
#957 = FILL_AREA_STYLE ('',( #1787 ) ) ;
#958 = VERTEX_POINT ( 'NONE', #1578 ) ;
#959 =( GEOMETRIC_REPRESENTATION_CONTEXT ( 3 ) GLOBAL_UNCERTAINTY_ASSIGNED_CONTEXT ( ( #1865 ) ) GLOBAL_UNIT_ASSIGNED_CONTEXT ( ( #3332, #3073, #1181 ) ) REPRESENTATION_CONTEXT ( 'NONE', 'WORKASPACE' ) );
#960 =( NAMED_UNIT ( * ) PLANE_ANGLE_UNIT ( ) SI_UNIT ( $, .RADIAN. ) );
#961 = SURFACE_STYLE_USAGE ( .BOTH. , #3435 ) ;
#962 = CARTESIAN_POINT ( 'NONE',  ( -5.250000000000000888, 5.250000000000000000, 4.320000000000000284 ) ) ;
#963 = CARTESIAN_POINT ( 'NONE',  ( -6.349999999999999645, -6.350000000000000533, 0.000000000000000000 ) ) ;
#964 = MECHANICAL_DESIGN_GEOMETRIC_PRESENTATION_REPRESENTATION (  '', ( #2490 ), #2602 ) ;
#965 = FACE_OUTER_BOUND ( 'NONE', #2074, .T. ) ;
#966 = ORIENTED_EDGE ( 'NONE', *, *, #2755, .T. ) ;
#967 = CARTESIAN_POINT ( 'NONE',  ( 6.349999999999999645, -3.830000000000000959, 0.000000000000000000 ) ) ;
#968 =( LENGTH_UNIT ( ) NAMED_UNIT ( * ) SI_UNIT ( .MILLI., .METRE. ) );
#969 =( GEOMETRIC_REPRESENTATION_CONTEXT ( 3 ) GLOBAL_UNCERTAINTY_ASSIGNED_CONTEXT ( ( #3154 ) ) GLOBAL_UNIT_ASSIGNED_CONTEXT ( ( #2670, #839, #1354 ) ) REPRESENTATION_CONTEXT ( 'NONE', 'WORKASPACE' ) );
#970 = ADVANCED_FACE ( 'NONE', ( #2658 ), #3490, .T. ) ;
#971 = ORIENTED_EDGE ( 'NONE', *, *, #1097, .T. ) ;
#972 = AXIS2_PLACEMENT_3D ( 'NONE', #541, #3265, #2125 ) ;
#973 = MECHANICAL_DESIGN_GEOMETRIC_PRESENTATION_REPRESENTATION (  '', ( #361 ), #255 ) ;
#974 = SURFACE_STYLE_FILL_AREA ( #2943 ) ;
#975 = DIRECTION ( 'NONE',  ( -1.000000000000000000, 0.000000000000000000, 0.000000000000000000 ) ) ;
#976 = SURFACE_STYLE_FILL_AREA ( #3428 ) ;
#977 = EDGE_CURVE ( 'NONE', #2724, #426, #1352, .T. ) ;
#978 = VERTEX_POINT ( 'NONE', #567 ) ;
#979 = EDGE_CURVE ( 'NONE', #1844, #1091, #2443, .T. ) ;
#980 = CIRCLE ( 'NONE', #1436, 0.3999999999999993006 ) ;
#981 = UNCERTAINTY_MEASURE_WITH_UNIT (LENGTH_MEASURE( 1.000000000000000082E-05 ), #3386, 'distance_accuracy_value', 'NONE');
#982 = STYLED_ITEM ( 'NONE', ( #380 ), #2691 ) ;
#983 = CARTESIAN_POINT ( 'NONE',  ( -1.004999999999999005, 4.900000000000000355, 1.279999999999999805 ) ) ;
#984 = LINE ( 'NONE', #199, #2182 ) ;
#985 = FILL_AREA_STYLE_COLOUR ( '', #71 ) ;
#986 = FACE_OUTER_BOUND ( 'NONE', #3237, .T. ) ;
#987 = ORIENTED_EDGE ( 'NONE', *, *, #1162, .T. ) ;
#988 = DIRECTION ( 'NONE',  ( -0.000000000000000000, 0.000000000000000000, 1.000000000000000000 ) ) ;
#989 = CARTESIAN_POINT ( 'NONE',  ( -6.349999999999999645, -6.350000000000000533, 0.000000000000000000 ) ) ;
#990 = FACE_OUTER_BOUND ( 'NONE', #253, .T. ) ;
#991 = EDGE_LOOP ( 'NONE', ( #2704, #1127, #3051, #2283 ) ) ;
#992 = LINE ( 'NONE', #2840, #336 ) ;
#993 = CARTESIAN_POINT ( 'NONE',  ( -6.350000000000001421, 6.349999999999998757, 0.000000000000000000 ) ) ;
#994 = DIRECTION ( 'NONE',  ( -0.000000000000000000, -0.000000000000000000, 1.000000000000000000 ) ) ;
#995 = CARTESIAN_POINT ( 'NONE',  ( -6.350000000000002309, 1.649999999999998579, 0.000000000000000000 ) ) ;
#996 = ORIENTED_EDGE ( 'NONE', *, *, #2108, .T. ) ;
#997 = EDGE_CURVE ( 'NONE', #1051, #429, #2023, .T. ) ;
#998 = SURFACE_SIDE_STYLE ('',( #1567 ) ) ;
#999 = DIRECTION ( 'NONE',  ( 0.000000000000000000, 0.000000000000000000, -1.000000000000000000 ) ) ;
#1000 = CARTESIAN_POINT ( 'NONE',  ( 0.3599999999999998201, 6.349999999999997868, 0.5699999999999999512 ) ) ;
#1001 = CARTESIAN_POINT ( 'NONE',  ( 6.349999999999998757, 2.049999999999998046, 0.000000000000000000 ) ) ;
#1002 = EDGE_CURVE ( 'NONE', #811, #3140, #3229, .T. ) ;
#1003 = ORIENTED_EDGE ( 'NONE', *, *, #1548, .F. ) ;
#1004 = CARTESIAN_POINT ( 'NONE',  ( -6.349999999999999645, -6.350000000000000533, 0.000000000000000000 ) ) ;
#1005 = DIRECTION ( 'NONE',  ( 1.000000000000000000, 0.000000000000000000, 0.000000000000000000 ) ) ;
#1006 = ORIENTED_EDGE ( 'NONE', *, *, #1630, .F. ) ;
#1007 = CARTESIAN_POINT ( 'NONE',  ( 0.000000000000000000, 0.000000000000000000, 4.220000000000000639 ) ) ;
#1008 = FILL_AREA_STYLE ('',( #1218 ) ) ;
#1009 = CIRCLE ( 'NONE', #1289, 0.3999999999999993006 ) ;
#1010 = VERTEX_POINT ( 'NONE', #813 ) ;
#1011 = UNCERTAINTY_MEASURE_WITH_UNIT (LENGTH_MEASURE( 1.000000000000000082E-05 ), #322, 'distance_accuracy_value', 'NONE');
#1012 = LINE ( 'NONE', #1755, #1314 ) ;
#1013 = DIRECTION ( 'NONE',  ( -1.000000000000000000, 0.000000000000000000, 0.000000000000000000 ) ) ;
#1014 = EDGE_CURVE ( 'NONE', #2826, #345, #3005, .T. ) ;
#1015 = PRESENTATION_LAYER_ASSIGNMENT (  '', '', ( #2596 ) ) ;
#1016 = LINE ( 'NONE', #962, #952 ) ;
#1017 = DIRECTION ( 'NONE',  ( -0.000000000000000000, -0.000000000000000000, 1.000000000000000000 ) ) ;
#1018 = CARTESIAN_POINT ( 'NONE',  ( -6.349999999999999645, -6.350000000000000533, 0.5699999999999999512 ) ) ;
#1019 = PRESENTATION_LAYER_ASSIGNMENT (  '', '', ( #906 ) ) ;
#1020 = FILL_AREA_STYLE_COLOUR ( '', #2920 ) ;
#1021 = EDGE_CURVE ( 'NONE', #704, #1132, #1092, .T. ) ;
#1022 = ORIENTED_EDGE ( 'NONE', *, *, #3111, .T. ) ;
#1023 = COLOUR_RGB ( '',0.000000000000000000, 0.5019607843137254832, 0.000000000000000000 ) ;
#1024 = EDGE_CURVE ( 'NONE', #3324, #1067, #2764, .T. ) ;
#1025 = FACE_OUTER_BOUND ( 'NONE', #1954, .T. ) ;
#1026 = VECTOR ( 'NONE', #33, 1000.000000000000000 ) ;
#1027 = EDGE_LOOP ( 'NONE', ( #1093, #1870, #56, #1571 ) ) ;
#1028 = DIRECTION ( 'NONE',  ( 1.000000000000000000, 0.000000000000000000, 0.000000000000000000 ) ) ;
#1029 = FILL_AREA_STYLE_COLOUR ( '', #1187 ) ;
#1030 = DIRECTION ( 'NONE',  ( -0.000000000000000000, 1.000000000000000000, 0.000000000000000000 ) ) ;
#1031 = DIRECTION ( 'NONE',  ( 1.000000000000000000, 0.000000000000000000, 0.000000000000000000 ) ) ;
#1032 = VECTOR ( 'NONE', #3471, 1000.000000000000000 ) ;
#1033 = COLOUR_RGB ( '',0.8431372549019607865, 0.8431372549019607865, 0.8431372549019607865 ) ;
#1034 = ORIENTED_EDGE ( 'NONE', *, *, #551, .T. ) ;
#1035 = CIRCLE ( 'NONE', #3139, 0.3999999999999993006 ) ;
#1036 = DIRECTION ( 'NONE',  ( 1.000000000000000000, 0.000000000000000000, 0.000000000000000000 ) ) ;
#1037 = ORIENTED_EDGE ( 'NONE', *, *, #1627, .F. ) ;
#1038 = FACE_OUTER_BOUND ( 'NONE', #2521, .T. ) ;
#1039 = ORIENTED_EDGE ( 'NONE', *, *, #123, .T. ) ;
#1040 = CARTESIAN_POINT ( 'NONE',  ( -0.4900000000000010458, -6.350000000000000533, 0.5699999999999999512 ) ) ;
#1041 = ADVANCED_FACE ( 'NONE', ( #2748 ), #86, .F. ) ;
#1042 = ORIENTED_EDGE ( 'NONE', *, *, #2290, .F. ) ;
#1043 = CARTESIAN_POINT ( 'NONE',  ( -2.805000000000000604, 6.350999999999999979, 0.5699999999999999512 ) ) ;
#1044 = DIRECTION ( 'NONE',  ( -1.000000000000000000, 6.829619984160658046E-17, -0.000000000000000000 ) ) ;
#1045 =( NAMED_UNIT ( * ) SI_UNIT ( $, .STERADIAN. ) SOLID_ANGLE_UNIT ( ) );
#1046 = EDGE_LOOP ( 'NONE', ( #737, #544, #614, #2455 ) ) ;
#1047 = UNCERTAINTY_MEASURE_WITH_UNIT (LENGTH_MEASURE( 1.000000000000000082E-05 ), #3293, 'distance_accuracy_value', 'NONE');
#1048 = LINE ( 'NONE', #2116, #340 ) ;
#1049 = DIRECTION ( 'NONE',  ( 8.537024980200823790E-17, -1.000000000000000000, 0.000000000000000000 ) ) ;
#1050 = DIRECTION ( 'NONE',  ( 1.000000000000000000, 0.000000000000000000, 0.000000000000000000 ) ) ;
#1051 = VERTEX_POINT ( 'NONE', #375 ) ;
#1052 = DIRECTION ( 'NONE',  ( -0.000000000000000000, -0.000000000000000000, 1.000000000000000000 ) ) ;
#1053 =( NAMED_UNIT ( * ) SI_UNIT ( $, .STERADIAN. ) SOLID_ANGLE_UNIT ( ) );
#1054 = ORIENTED_EDGE ( 'NONE', *, *, #299, .F. ) ;
#1055 = EDGE_CURVE ( 'NONE', #3291, #165, #1962, .T. ) ;
#1056 = CARTESIAN_POINT ( 'NONE',  ( 4.899999999999999467, 5.250000000000000000, 4.220000000000000639 ) ) ;
#1057 = LINE ( 'NONE', #2371, #360 ) ;
#1058 = ADVANCED_FACE ( 'NONE', ( #590 ), #900, .F. ) ;
#1059 = ORIENTED_EDGE ( 'NONE', *, *, #2043, .T. ) ;
#1060 = EDGE_CURVE ( 'NONE', #2349, #1662, #1473, .T. ) ;
#1061 = DIRECTION ( 'NONE',  ( 1.000000000000000000, 0.000000000000000000, 0.000000000000000000 ) ) ;
#1062 = STYLED_ITEM ( 'NONE', ( #1496 ), #177 ) ;
#1063 = CARTESIAN_POINT ( 'NONE',  ( -6.350000000000001421, -0.8900000000000014566, 0.000000000000000000 ) ) ;
#1064 = VECTOR ( 'NONE', #1450, 1000.000000000000000 ) ;
#1065 = PLANE ( 'NONE',  #3210 ) ;
#1066 = MECHANICAL_DESIGN_GEOMETRIC_PRESENTATION_REPRESENTATION (  '', ( #2184 ), #731 ) ;
#1067 = VERTEX_POINT ( 'NONE', #865 ) ;
#1068 = FACE_OUTER_BOUND ( 'NONE', #439, .T. ) ;
#1069 = AXIS2_PLACEMENT_3D ( 'NONE', #34, #829, #1895 ) ;
#1070 = AXIS2_PLACEMENT_3D ( 'NONE', #3032, #1135, #1429 ) ;
#1071 = SURFACE_SIDE_STYLE ('',( #2460 ) ) ;
#1072 = AXIS2_PLACEMENT_3D ( 'NONE', #1007, #1786, #185 ) ;
#1073 = DIRECTION ( 'NONE',  ( 1.000000000000000000, 0.000000000000000000, 0.000000000000000000 ) ) ;
#1074 = EDGE_CURVE ( 'NONE', #958, #98, #2254, .T. ) ;
#1075 = CYLINDRICAL_SURFACE ( 'NONE', #972, 0.5000000000000000000 ) ;
#1076 = ORIENTED_EDGE ( 'NONE', *, *, #3208, .F. ) ;
#1077 = DIRECTION ( 'NONE',  ( -1.000000000000000000, 6.829619984160658046E-17, -0.000000000000000000 ) ) ;
#1078 = PRESENTATION_LAYER_ASSIGNMENT (  '', '', ( #3197 ) ) ;
#1079 = ADVANCED_FACE ( 'NONE', ( #1979 ), #2238, .F. ) ;
#1080 = AXIS2_PLACEMENT_3D ( 'NONE', #3382, #1406, #111 ) ;
#1081 = CARTESIAN_POINT ( 'NONE',  ( 6.349999999999998757, 1.249999999999999112, 0.5699999999999999512 ) ) ;
#1082 = VERTEX_POINT ( 'NONE', #408 ) ;
#1083 = MECHANICAL_DESIGN_GEOMETRIC_PRESENTATION_REPRESENTATION (  '', ( #633 ), #2205 ) ;
#1084 = PRESENTATION_LAYER_ASSIGNMENT (  '', '', ( #2915 ) ) ;
#1085 =( NAMED_UNIT ( * ) PLANE_ANGLE_UNIT ( ) SI_UNIT ( $, .RADIAN. ) );
#1086 = PRESENTATION_LAYER_ASSIGNMENT (  '', '', ( #3375 ) ) ;
#1087 = EDGE_LOOP ( 'NONE', ( #2641, #1402, #3405, #632, #3149, #819, #1551, #727, #3381, #3272 ) ) ;
#1088 = AXIS2_PLACEMENT_3D ( 'NONE', #8, #562, #305 ) ;
#1089 = DIRECTION ( 'NONE',  ( 0.000000000000000000, 0.000000000000000000, -1.000000000000000000 ) ) ;
#1090 = AXIS2_PLACEMENT_3D ( 'NONE', #2736, #2771, #1398 ) ;
#1091 = VERTEX_POINT ( 'NONE', #1230 ) ;
#1092 = LINE ( 'NONE', #1908, #1977 ) ;
#1093 = ORIENTED_EDGE ( 'NONE', *, *, #2592, .F. ) ;
#1094 = CARTESIAN_POINT ( 'NONE',  ( -1.650000000000001910, -4.830000000000000959, 0.5699999999999999512 ) ) ;
#1095 = ORIENTED_EDGE ( 'NONE', *, *, #698, .T. ) ;
#1096 = ORIENTED_EDGE ( 'NONE', *, *, #2306, .T. ) ;
#1097 = EDGE_CURVE ( 'NONE', #2365, #2309, #2021, .T. ) ;
#1098 = PLANE ( 'NONE',  #3498 ) ;
#1099 = DIRECTION ( 'NONE',  ( -6.829619984160658046E-17, -1.000000000000000000, 0.000000000000000000 ) ) ;
#1100 = ORIENTED_EDGE ( 'NONE', *, *, #953, .F. ) ;
#1101 = SURFACE_STYLE_USAGE ( .BOTH. , #2409 ) ;
#1102 = ADVANCED_FACE ( 'NONE', ( #2041 ), #425, .F. ) ;
#1103 = LINE ( 'NONE', #2438, #3495 ) ;
#1104 = FILL_AREA_STYLE ('',( #1326 ) ) ;
#1105 = EDGE_LOOP ( 'NONE', ( #2102, #1595, #2988, #2624 ) ) ;
#1106 = CARTESIAN_POINT ( 'NONE',  ( 4.589999999999998970, -6.349999999999999645, 0.5699999999999999512 ) ) ;
#1107 = DIRECTION ( 'NONE',  ( -0.000000000000000000, -0.000000000000000000, 1.000000000000000000 ) ) ;
#1108 =( NAMED_UNIT ( * ) PLANE_ANGLE_UNIT ( ) SI_UNIT ( $, .RADIAN. ) );
#1109 =( NAMED_UNIT ( * ) SI_UNIT ( $, .STERADIAN. ) SOLID_ANGLE_UNIT ( ) );
#1110 = VECTOR ( 'NONE', #2900, 1000.000000000000000 ) ;
#1111 = DIRECTION ( 'NONE',  ( 1.000000000000000000, 0.000000000000000000, 0.000000000000000000 ) ) ;
#1112 = EDGE_CURVE ( 'NONE', #1463, #1237, #2593, .T. ) ;
#1113 = ORIENTED_EDGE ( 'NONE', *, *, #2273, .F. ) ;
#1114 = AXIS2_PLACEMENT_3D ( 'NONE', #2268, #611, #927 ) ;
#1115 = CARTESIAN_POINT ( 'NONE',  ( -0.1300000000000018641, -4.830000000000001847, 0.5699999999999999512 ) ) ;
#1116 = CARTESIAN_POINT ( 'NONE',  ( 6.349999999999998757, -0.4900000000000019340, 0.000000000000000000 ) ) ;
#1117 = VECTOR ( 'NONE', #2400, 1000.000000000000000 ) ;
#1118 = ADVANCED_FACE ( 'NONE', ( #990 ), #1525, .T. ) ;
#1119 = ORIENTED_EDGE ( 'NONE', *, *, #1478, .F. ) ;
#1120 = MECHANICAL_DESIGN_GEOMETRIC_PRESENTATION_REPRESENTATION (  '', ( #2187 ), #959 ) ;
#1121 = SURFACE_STYLE_FILL_AREA ( #1944 ) ;
#1122 = STYLED_ITEM ( 'NONE', ( #173 ), #1252 ) ;
#1123 =( NAMED_UNIT ( * ) SI_UNIT ( $, .STERADIAN. ) SOLID_ANGLE_UNIT ( ) );
#1124 = CARTESIAN_POINT ( 'NONE',  ( -5.250000000000000000, -5.250000000000000000, 0.5699999999999999512 ) ) ;
#1125 = SURFACE_SIDE_STYLE ('',( #68 ) ) ;
#1126 = STYLED_ITEM ( 'NONE', ( #2952 ), #1685 ) ;
#1127 = ORIENTED_EDGE ( 'NONE', *, *, #432, .T. ) ;
#1128 = ORIENTED_EDGE ( 'NONE', *, *, #797, .T. ) ;
#1129 = AXIS2_PLACEMENT_3D ( 'NONE', #1957, #1691, #2487 ) ;
#1130 = CARTESIAN_POINT ( 'NONE',  ( -1.005000000000000782, 5.250000000000000000, 0.5699999999999999512 ) ) ;
#1131 = VECTOR ( 'NONE', #637, 1000.000000000000000 ) ;
#1132 = VERTEX_POINT ( 'NONE', #2214 ) ;
#1133 = COLOUR_RGB ( '',0.8627450980392157298, 0.5882352941176470784, 0.06274509803921568540 ) ;
#1134 = CARTESIAN_POINT ( 'NONE',  ( 5.250000000000000888, -5.000000000000000000, 4.570000000000000284 ) ) ;
#1135 = DIRECTION ( 'NONE',  ( -0.000000000000000000, 0.000000000000000000, 1.000000000000000000 ) ) ;
#1136 =( GEOMETRIC_REPRESENTATION_CONTEXT ( 3 ) GLOBAL_UNCERTAINTY_ASSIGNED_CONTEXT ( ( #1959 ) ) GLOBAL_UNIT_ASSIGNED_CONTEXT ( ( #883, #2277, #3309 ) ) REPRESENTATION_CONTEXT ( 'NONE', 'WORKASPACE' ) );
#1137 = AXIS2_PLACEMENT_3D ( 'NONE', #2031, #2582, #474 ) ;
#1138 = ORIENTED_EDGE ( 'NONE', *, *, #85, .F. ) ;
#1139 = UNCERTAINTY_MEASURE_WITH_UNIT (LENGTH_MEASURE( 1.000000000000000082E-05 ), #1507, 'distance_accuracy_value', 'NONE');
#1140 = MECHANICAL_DESIGN_GEOMETRIC_PRESENTATION_REPRESENTATION (  '', ( #414 ), #142 ) ;
#1141 = AXIS2_PLACEMENT_3D ( 'NONE', #119, #3377, #888 ) ;
#1142 = EDGE_CURVE ( 'NONE', #2088, #1897, #928, .T. ) ;
#1143 = CARTESIAN_POINT ( 'NONE',  ( -6.349999999999999645, -6.350000000000000533, 0.5699999999999999512 ) ) ;
#1144 = UNCERTAINTY_MEASURE_WITH_UNIT (LENGTH_MEASURE( 1.000000000000000082E-05 ), #2702, 'distance_accuracy_value', 'NONE');
#1145 = PRESENTATION_STYLE_ASSIGNMENT (( #3094 ) ) ;
#1146 = VECTOR ( 'NONE', #3500, 1000.000000000000000 ) ;
#1147 = DIRECTION ( 'NONE',  ( -0.000000000000000000, 0.000000000000000000, 1.000000000000000000 ) ) ;
#1148 = ORIENTED_EDGE ( 'NONE', *, *, #2149, .T. ) ;
#1149 =( NAMED_UNIT ( * ) PLANE_ANGLE_UNIT ( ) SI_UNIT ( $, .RADIAN. ) );
#1150 = FACE_OUTER_BOUND ( 'NONE', #73, .T. ) ;
#1151 = ORIENTED_EDGE ( 'NONE', *, *, #2803, .T. ) ;
#1152 = DIRECTION ( 'NONE',  ( -0.000000000000000000, 0.000000000000000000, 1.000000000000000000 ) ) ;
#1153 = VERTEX_POINT ( 'NONE', #2816 ) ;
#1154 = DIRECTION ( 'NONE',  ( 0.000000000000000000, 0.000000000000000000, -1.000000000000000000 ) ) ;
#1155 =( NAMED_UNIT ( * ) PLANE_ANGLE_UNIT ( ) SI_UNIT ( $, .RADIAN. ) );
#1156 = DIRECTION ( 'NONE',  ( 1.000000000000000000, 0.000000000000000000, 0.000000000000000000 ) ) ;
#1157 = ORIENTED_EDGE ( 'NONE', *, *, #2756, .F. ) ;
#1158 = FILL_AREA_STYLE_COLOUR ( '', #741 ) ;
#1159 = CARTESIAN_POINT ( 'NONE',  ( -6.350000000000001421, -0.8900000000000014566, 0.5699999999999999512 ) ) ;
#1160 = PRESENTATION_STYLE_ASSIGNMENT (( #1395 ) ) ;
#1161 = DIRECTION ( 'NONE',  ( -1.000000000000000000, -1.652117596168388002E-16, 0.000000000000000000 ) ) ;
#1162 = EDGE_CURVE ( 'NONE', #2212, #2412, #2541, .T. ) ;
#1163 = LINE ( 'NONE', #903, #230 ) ;
#1164 = CARTESIAN_POINT ( 'NONE',  ( 1.004999999999999449, 6.350999999999999979, 0.000000000000000000 ) ) ;
#1165 = DIRECTION ( 'NONE',  ( -0.000000000000000000, -0.000000000000000000, 1.000000000000000000 ) ) ;
#1166 = EDGE_CURVE ( 'NONE', #2724, #126, #2780, .T. ) ;
#1167 = ORIENTED_EDGE ( 'NONE', *, *, #2155, .T. ) ;
#1168 = ADVANCED_FACE ( 'NONE', ( #2248 ), #2832, .F. ) ;
#1169 = FACE_OUTER_BOUND ( 'NONE', #2489, .T. ) ;
#1170 = FACE_OUTER_BOUND ( 'NONE', #1774, .T. ) ;
#1171 = ORIENTED_EDGE ( 'NONE', *, *, #2007, .T. ) ;
#1172 = CARTESIAN_POINT ( 'NONE',  ( 2.805000000000000160, 5.250000000000000000, 4.570000000000000284 ) ) ;
#1173 = VECTOR ( 'NONE', #2750, 1000.000000000000000 ) ;
#1174 = FACE_OUTER_BOUND ( 'NONE', #1205, .T. ) ;
#1175 = COLOUR_RGB ( '',0.8431372549019607865, 0.8431372549019607865, 0.8431372549019607865 ) ;
#1176 = ORIENTED_EDGE ( 'NONE', *, *, #2592, .T. ) ;
#1177 = CARTESIAN_POINT ( 'NONE',  ( -6.350000000000001421, 6.349999999999998757, 0.5699999999999999512 ) ) ;
#1178 =( GEOMETRIC_REPRESENTATION_CONTEXT ( 3 ) GLOBAL_UNCERTAINTY_ASSIGNED_CONTEXT ( ( #1291 ) ) GLOBAL_UNIT_ASSIGNED_CONTEXT ( ( #1949, #2480, #904 ) ) REPRESENTATION_CONTEXT ( 'NONE', 'WORKASPACE' ) );
#1179 = SURFACE_STYLE_USAGE ( .BOTH. , #3071 ) ;
#1180 = UNCERTAINTY_MEASURE_WITH_UNIT (LENGTH_MEASURE( 1.000000000000000082E-05 ), #428, 'distance_accuracy_value', 'NONE');
#1181 =( NAMED_UNIT ( * ) SI_UNIT ( $, .STERADIAN. ) SOLID_ANGLE_UNIT ( ) );
#1182 = PRESENTATION_LAYER_ASSIGNMENT (  '', '', ( #843 ) ) ;
#1183 = LINE ( 'NONE', #2824, #666 ) ;
#1184 = COLOUR_RGB ( '',0.8627450980392157298, 0.5882352941176470784, 0.06274509803921568540 ) ;
#1185 = CARTESIAN_POINT ( 'NONE',  ( -6.350000000000002309, 4.189999999999998614, 0.000000000000000000 ) ) ;
#1186 = VERTEX_POINT ( 'NONE', #1726 ) ;
#1187 = COLOUR_RGB ( '',0.8431372549019607865, 0.8431372549019607865, 0.8431372549019607865 ) ;
#1188 = ADVANCED_FACE ( 'NONE', ( #3414 ), #435, .T. ) ;
#1189 = PRESENTATION_LAYER_ASSIGNMENT (  '', '', ( #851 ) ) ;
#1190 = ORIENTED_EDGE ( 'NONE', *, *, #2087, .T. ) ;
#1191 = CARTESIAN_POINT ( 'NONE',  ( -6.350000000000001421, 6.349999999999998757, 0.5699999999999999512 ) ) ;
#1192 = COLOUR_RGB ( '',0.8431372549019607865, 0.8431372549019607865, 0.8431372549019607865 ) ;
#1193 = DIRECTION ( 'NONE',  ( 0.000000000000000000, 0.000000000000000000, -1.000000000000000000 ) ) ;
#1194 = ORIENTED_EDGE ( 'NONE', *, *, #3022, .T. ) ;
#1195 = PRESENTATION_LAYER_ASSIGNMENT (  '', '', ( #1988 ) ) ;
#1196 = DIRECTION ( 'NONE',  ( 0.000000000000000000, -0.000000000000000000, 1.000000000000000000 ) ) ;
#1197 = VECTOR ( 'NONE', #399, 1000.000000000000000 ) ;
#1198 = AXIS2_PLACEMENT_3D ( 'NONE', #2474, #3346, #2217 ) ;
#1199 = AXIS2_PLACEMENT_3D ( 'NONE', #400, #418, #1013 ) ;
#1200 = SURFACE_SIDE_STYLE ('',( #688 ) ) ;
#1201 =( LENGTH_UNIT ( ) NAMED_UNIT ( * ) SI_UNIT ( .MILLI., .METRE. ) );
#1202 = PRESENTATION_LAYER_ASSIGNMENT (  '', '', ( #3379 ) ) ;
#1203 = CARTESIAN_POINT ( 'NONE',  ( -5.250000000000000888, 5.000000000000000000, 4.570000000000000284 ) ) ;
#1204 = DIRECTION ( 'NONE',  ( -0.000000000000000000, 0.000000000000000000, 1.000000000000000000 ) ) ;
#1205 = EDGE_LOOP ( 'NONE', ( #1704, #1334, #757, #2419 ) ) ;
#1206 = DIRECTION ( 'NONE',  ( -0.000000000000000000, -0.000000000000000000, 1.000000000000000000 ) ) ;
#1207 =( NAMED_UNIT ( * ) SI_UNIT ( $, .STERADIAN. ) SOLID_ANGLE_UNIT ( ) );
#1208 = LINE ( 'NONE', #1222, #2734 ) ;
#1209 = EDGE_CURVE ( 'NONE', #1091, #1735, #3396, .T. ) ;
#1210 = CARTESIAN_POINT ( 'NONE',  ( -2.805000000000000604, -5.250000000000000000, 1.279999999999999805 ) ) ;
#1211 = FACE_OUTER_BOUND ( 'NONE', #16, .T. ) ;
#1212 = DIRECTION ( 'NONE',  ( 0.000000000000000000, 0.000000000000000000, -1.000000000000000000 ) ) ;
#1213 = EDGE_CURVE ( 'NONE', #713, #3513, #2014, .T. ) ;
#1214 = ORIENTED_EDGE ( 'NONE', *, *, #1295, .T. ) ;
#1215 = CARTESIAN_POINT ( 'NONE',  ( -4.900000000000001243, 4.900000000000000355, 4.570000000000000284 ) ) ;
#1216 =( NAMED_UNIT ( * ) SI_UNIT ( $, .STERADIAN. ) SOLID_ANGLE_UNIT ( ) );
#1217 = SURFACE_STYLE_FILL_AREA ( #155 ) ;
#1218 = FILL_AREA_STYLE_COLOUR ( '', #449 ) ;
#1219 = UNCERTAINTY_MEASURE_WITH_UNIT (LENGTH_MEASURE( 1.000000000000000082E-05 ), #1794, 'distance_accuracy_value', 'NONE');
#1220 = SURFACE_STYLE_FILL_AREA ( #1502 ) ;
#1221 = FACE_OUTER_BOUND ( 'NONE', #1087, .T. ) ;
#1222 = CARTESIAN_POINT ( 'NONE',  ( -3.030000000000001137, -6.350000000000000533, 0.000000000000000000 ) ) ;
#1223 = LINE ( 'NONE', #3475, #670 ) ;
#1224 = DIRECTION ( 'NONE',  ( 0.000000000000000000, 0.000000000000000000, 1.000000000000000000 ) ) ;
#1225 = DIRECTION ( 'NONE',  ( 1.000000000000000000, 0.000000000000000000, 0.000000000000000000 ) ) ;
#1226 = ORIENTED_EDGE ( 'NONE', *, *, #2007, .F. ) ;
#1227 = LINE ( 'NONE', #2107, #1820 ) ;
#1228 = PLANE ( 'NONE',  #410 ) ;
#1229 = ADVANCED_FACE ( 'NONE', ( #2887 ), #2874, .F. ) ;
#1230 = CARTESIAN_POINT ( 'NONE',  ( -2.805000000000000604, -4.900000000000000355, 0.5700000000000001732 ) ) ;
#1231 = VERTEX_POINT ( 'NONE', #1519 ) ;
#1232 = CARTESIAN_POINT ( 'NONE',  ( -6.349999999999999645, -6.350000000000000533, 0.000000000000000000 ) ) ;
#1233 = STYLED_ITEM ( 'NONE', ( #934 ), #261 ) ;
#1234 = SURFACE_STYLE_FILL_AREA ( #1008 ) ;
#1235 =( GEOMETRIC_REPRESENTATION_CONTEXT ( 3 ) GLOBAL_UNCERTAINTY_ASSIGNED_CONTEXT ( ( #282 ) ) GLOBAL_UNIT_ASSIGNED_CONTEXT ( ( #1419, #1149, #2548 ) ) REPRESENTATION_CONTEXT ( 'NONE', 'WORKASPACE' ) );
#1236 = PLANE ( 'NONE',  #1599 ) ;
#1237 = VERTEX_POINT ( 'NONE', #2585 ) ;
#1238 = AXIS2_PLACEMENT_3D ( 'NONE', #2882, #994, #2060 ) ;
#1239 = LINE ( 'NONE', #229, #3437 ) ;
#1240 = VECTOR ( 'NONE', #545, 1000.000000000000000 ) ;
#1241 =( LENGTH_UNIT ( ) NAMED_UNIT ( * ) SI_UNIT ( .MILLI., .METRE. ) );
#1242 = FILL_AREA_STYLE ('',( #2610 ) ) ;
#1243 = VECTOR ( 'NONE', #2476, 1000.000000000000000 ) ;
#1244 = PRESENTATION_STYLE_ASSIGNMENT (( #3462 ) ) ;
#1245 = EDGE_LOOP ( 'NONE', ( #464, #3069, #2630, #1967 ) ) ;
#1246 = VECTOR ( 'NONE', #758, 1000.000000000000000 ) ;
#1247 = DIRECTION ( 'NONE',  ( 1.000000000000000000, 6.829619984160658046E-17, 0.000000000000000000 ) ) ;
#1248 = CARTESIAN_POINT ( 'NONE',  ( -5.250000000000000000, -4.900000000000000355, 4.570000000000000284 ) ) ;
#1249 = MECHANICAL_DESIGN_GEOMETRIC_PRESENTATION_REPRESENTATION (  '', ( #134 ), #969 ) ;
#1250 = EDGE_LOOP ( 'NONE', ( #2815, #154, #2428, #890 ) ) ;
#1251 = AXIS2_PLACEMENT_3D ( 'NONE', #268, #521, #3246 ) ;
#1252 = ADVANCED_FACE ( 'NONE', ( #1211 ), #1487, .F. ) ;
#1253 = CARTESIAN_POINT ( 'NONE',  ( -5.950000000000002842, 1.649999999999998579, 0.5699999999999999512 ) ) ;
#1254 = VECTOR ( 'NONE', #783, 1000.000000000000000 ) ;
#1255 = DIRECTION ( 'NONE',  ( 1.000000000000000000, 0.000000000000000000, 0.000000000000000000 ) ) ;
#1256 =( NAMED_UNIT ( * ) SI_UNIT ( $, .STERADIAN. ) SOLID_ANGLE_UNIT ( ) );
#1257 = STYLED_ITEM ( 'NONE', ( #2329 ), #3156 ) ;
#1258 =( GEOMETRIC_REPRESENTATION_CONTEXT ( 3 ) GLOBAL_UNCERTAINTY_ASSIGNED_CONTEXT ( ( #899 ) ) GLOBAL_UNIT_ASSIGNED_CONTEXT ( ( #2858, #422, #2325 ) ) REPRESENTATION_CONTEXT ( 'NONE', 'WORKASPACE' ) );
#1259 = CARTESIAN_POINT ( 'NONE',  ( -4.720000000000000639, 6.349999999999998757, 0.5699999999999999512 ) ) ;
#1260 = VERTEX_POINT ( 'NONE', #2288 ) ;
#1261 = CARTESIAN_POINT ( 'NONE',  ( -6.350000000000000533, 2.049999999999998046, 0.000000000000000000 ) ) ;
#1262 = DIRECTION ( 'NONE',  ( 1.000000000000000000, 6.829619984160658046E-17, 0.000000000000000000 ) ) ;
#1263 = CARTESIAN_POINT ( 'NONE',  ( 3.699999999999998845, 6.349999999999997868, 0.5699999999999999512 ) ) ;
#1264 = DIRECTION ( 'NONE',  ( -0.000000000000000000, 0.000000000000000000, 1.000000000000000000 ) ) ;
#1265 = ORIENTED_EDGE ( 'NONE', *, *, #1014, .F. ) ;
#1266 = CARTESIAN_POINT ( 'NONE',  ( -4.900000000000001243, 4.900000000000000355, 0.5699999999999999512 ) ) ;
#1267 = LINE ( 'NONE', #2940, #197 ) ;
#1268 = ORIENTED_EDGE ( 'NONE', *, *, #390, .T. ) ;
#1269 = DIRECTION ( 'NONE',  ( 1.000000000000000000, 0.000000000000000000, 0.000000000000000000 ) ) ;
#1270 =( LENGTH_UNIT ( ) NAMED_UNIT ( * ) SI_UNIT ( .MILLI., .METRE. ) );
#1271 = EDGE_CURVE ( 'NONE', #515, #1663, #3199, .T. ) ;
#1272 = SURFACE_STYLE_USAGE ( .BOTH. , #3152 ) ;
#1273 = ORIENTED_EDGE ( 'NONE', *, *, #456, .F. ) ;
#1274 = PLANE ( 'NONE',  #32 ) ;
#1275 = EDGE_CURVE ( 'NONE', #600, #3450, #243, .T. ) ;
#1276 = FILL_AREA_STYLE_COLOUR ( '', #2852 ) ;
#1277 = EDGE_CURVE ( 'NONE', #165, #3114, #1888, .T. ) ;
#1278 = CARTESIAN_POINT ( 'NONE',  ( -6.349999999999999645, -6.350000000000000533, 0.000000000000000000 ) ) ;
#1279 =( NAMED_UNIT ( * ) SI_UNIT ( $, .STERADIAN. ) SOLID_ANGLE_UNIT ( ) );
#1280 = CARTESIAN_POINT ( 'NONE',  ( -5.000000000000000000, -5.000000000000000000, 4.320000000000000284 ) ) ;
#1281 = DIRECTION ( 'NONE',  ( 8.260587980841940012E-17, -1.000000000000000000, 0.000000000000000000 ) ) ;
#1282 = CARTESIAN_POINT ( 'NONE',  ( -5.950000000000001954, -0.8900000000000014566, 0.000000000000000000 ) ) ;
#1283 = ORIENTED_EDGE ( 'NONE', *, *, #997, .T. ) ;
#1284 = DIRECTION ( 'NONE',  ( 1.000000000000000000, 6.829619984160658046E-17, 0.000000000000000000 ) ) ;
#1285 = SURFACE_SIDE_STYLE ('',( #2633 ) ) ;
#1286 = ORIENTED_EDGE ( 'NONE', *, *, #3273, .F. ) ;
#1287 = FACE_OUTER_BOUND ( 'NONE', #1338, .T. ) ;
#1288 = LINE ( 'NONE', #2395, #2835 ) ;
#1289 = AXIS2_PLACEMENT_3D ( 'NONE', #2778, #352, #1974 ) ;
#1290 = ORIENTED_EDGE ( 'NONE', *, *, #2706, .T. ) ;
#1291 = UNCERTAINTY_MEASURE_WITH_UNIT (LENGTH_MEASURE( 1.000000000000000082E-05 ), #1949, 'distance_accuracy_value', 'NONE');
#1292 = PRESENTATION_LAYER_ASSIGNMENT (  '', '', ( #2539 ) ) ;
#1293 = DIRECTION ( 'NONE',  ( -1.000000000000000000, 6.829619984160658046E-17, -0.000000000000000000 ) ) ;
#1294 = PRESENTATION_LAYER_ASSIGNMENT (  '', '', ( #457 ) ) ;
#1295 = EDGE_CURVE ( 'NONE', #574, #515, #3336, .T. ) ;
#1296 = DIRECTION ( 'NONE',  ( -0.000000000000000000, 0.000000000000000000, 1.000000000000000000 ) ) ;
#1297 = CARTESIAN_POINT ( 'NONE',  ( 4.899999999999999467, 4.900000000000000355, 4.220000000000000639 ) ) ;
#1298 = AXIS2_PLACEMENT_3D ( 'NONE', #857, #878, #1956 ) ;
#1299 = ORIENTED_EDGE ( 'NONE', *, *, #276, .F. ) ;
#1300 =( GEOMETRIC_REPRESENTATION_CONTEXT ( 3 ) GLOBAL_UNCERTAINTY_ASSIGNED_CONTEXT ( ( #2642 ) ) GLOBAL_UNIT_ASSIGNED_CONTEXT ( ( #777, #3167, #2598 ) ) REPRESENTATION_CONTEXT ( 'NONE', 'WORKASPACE' ) );
#1301 = SURFACE_STYLE_USAGE ( .BOTH. , #206 ) ;
#1302 = DIRECTION ( 'NONE',  ( 1.000000000000000000, 6.829619984160658046E-17, 0.000000000000000000 ) ) ;
#1303 = CARTESIAN_POINT ( 'NONE',  ( -3.920000000000001705, 6.349999999999998757, 0.000000000000000000 ) ) ;
#1304 = PRESENTATION_LAYER_ASSIGNMENT (  '', '', ( #1363 ) ) ;
#1305 = ORIENTED_EDGE ( 'NONE', *, *, #2430, .T. ) ;
#1306 = PLANE ( 'NONE',  #446 ) ;
#1307 = LINE ( 'NONE', #993, #3422 ) ;
#1308 = PRESENTATION_LAYER_ASSIGNMENT (  '', '', ( #1759 ) ) ;
#1309 = CARTESIAN_POINT ( 'NONE',  ( 5.000000000000000888, -5.000000000000000000, 4.320000000000000284 ) ) ;
#1310 = FACE_OUTER_BOUND ( 'NONE', #509, .T. ) ;
#1311 = CIRCLE ( 'NONE', #1828, 0.2500000000000002220 ) ;
#1312 = VERTEX_POINT ( 'NONE', #2379 ) ;
#1313 = AXIS2_PLACEMENT_3D ( 'NONE', #389, #3388, #2331 ) ;
#1314 = VECTOR ( 'NONE', #160, 1000.000000000000000 ) ;
#1315 = LINE ( 'NONE', #2947, #2367 ) ;
#1316 = CYLINDRICAL_SURFACE ( 'NONE', #3443, 0.3999999999999995226 ) ;
#1317 = STYLED_ITEM ( 'NONE', ( #1244 ), #3384 ) ;
#1318 = ORIENTED_EDGE ( 'NONE', *, *, #42, .T. ) ;
#1319 = PRESENTATION_STYLE_ASSIGNMENT (( #1416 ) ) ;
#1320 = CYLINDRICAL_SURFACE ( 'NONE', #3138, 0.4000000000000006328 ) ;
#1321 = DIRECTION ( 'NONE',  ( 8.260587980841938780E-17, -1.000000000000000000, 0.000000000000000000 ) ) ;
#1322 = DIRECTION ( 'NONE',  ( -6.829619984160658046E-17, 1.000000000000000000, 0.000000000000000000 ) ) ;
#1323 = EDGE_CURVE ( 'NONE', #2883, #1186, #2701, .T. ) ;
#1324 = ORIENTED_EDGE ( 'NONE', *, *, #2623, .T. ) ;
#1325 = DIRECTION ( 'NONE',  ( -1.000000000000000000, 0.000000000000000000, -0.000000000000000000 ) ) ;
#1326 = FILL_AREA_STYLE_COLOUR ( '', #1769 ) ;
#1327 = EDGE_CURVE ( 'NONE', #1231, #3224, #1948, .T. ) ;
#1328 = ORIENTED_EDGE ( 'NONE', *, *, #3354, .F. ) ;
#1329 = SURFACE_STYLE_FILL_AREA ( #1596 ) ;
#1330 = SURFACE_SIDE_STYLE ('',( #1648 ) ) ;
#1331 = LINE ( 'NONE', #3216, #1879 ) ;
#1332 = ORIENTED_EDGE ( 'NONE', *, *, #2092, .F. ) ;
#1333 = UNCERTAINTY_MEASURE_WITH_UNIT (LENGTH_MEASURE( 1.000000000000000082E-05 ), #1997, 'distance_accuracy_value', 'NONE');
#1334 = ORIENTED_EDGE ( 'NONE', *, *, #712, .T. ) ;
#1335 =( NAMED_UNIT ( * ) SI_UNIT ( $, .STERADIAN. ) SOLID_ANGLE_UNIT ( ) );
#1336 = DIRECTION ( 'NONE',  ( -0.000000000000000000, 0.000000000000000000, 1.000000000000000000 ) ) ;
#1337 = CARTESIAN_POINT ( 'NONE',  ( -1.650000000000001910, -4.830000000000000959, 0.5699999999999999512 ) ) ;
#1338 = EDGE_LOOP ( 'NONE', ( #2955, #2601, #2012, #718 ) ) ;
#1339 = CARTESIAN_POINT ( 'NONE',  ( -6.349999999999999645, -6.350000000000000533, 0.5699999999999999512 ) ) ;
#1340 = ADVANCED_FACE ( 'NONE', ( #2500 ), #1731, .T. ) ;
#1341 = ORIENTED_EDGE ( 'NONE', *, *, #99, .F. ) ;
#1342 = ADVANCED_FACE ( 'NONE', ( #2226 ), #3426, .T. ) ;
#1343 = CARTESIAN_POINT ( 'NONE',  ( -6.349999999999999645, -6.350000000000000533, 0.5699999999999999512 ) ) ;
#1344 = CARTESIAN_POINT ( 'NONE',  ( -6.350000000000001421, 6.349999999999998757, 0.000000000000000000 ) ) ;
#1345 = EDGE_LOOP ( 'NONE', ( #2045, #2563, #53, #1913 ) ) ;
#1346 = VECTOR ( 'NONE', #3296, 1000.000000000000000 ) ;
#1347 = LINE ( 'NONE', #1094, #1975 ) ;
#1348 = COLOUR_RGB ( '',0.8627450980392157298, 0.5882352941176470784, 0.06274509803921568540 ) ;
#1349 = EDGE_LOOP ( 'NONE', ( #2738, #2359, #2082, #1673 ) ) ;
#1350 = SURFACE_STYLE_USAGE ( .BOTH. , #1386 ) ;
#1351 =( NAMED_UNIT ( * ) PLANE_ANGLE_UNIT ( ) SI_UNIT ( $, .RADIAN. ) );
#1352 = CIRCLE ( 'NONE', #1639, 0.2500000000000002220 ) ;
#1353 = ORIENTED_EDGE ( 'NONE', *, *, #2468, .T. ) ;
#1354 =( NAMED_UNIT ( * ) SI_UNIT ( $, .STERADIAN. ) SOLID_ANGLE_UNIT ( ) );
#1355 = VECTOR ( 'NONE', #3142, 1000.000000000000000 ) ;
#1356 = CARTESIAN_POINT ( 'NONE',  ( -5.950000000000001954, -3.430000000000001492, 0.000000000000000000 ) ) ;
#1357 = VERTEX_POINT ( 'NONE', #3078 ) ;
#1358 =( GEOMETRIC_REPRESENTATION_CONTEXT ( 3 ) GLOBAL_UNCERTAINTY_ASSIGNED_CONTEXT ( ( #728 ) ) GLOBAL_UNIT_ASSIGNED_CONTEXT ( ( #1405, #3344, #384 ) ) REPRESENTATION_CONTEXT ( 'NONE', 'WORKASPACE' ) );
#1359 = LINE ( 'NONE', #1056, #1243 ) ;
#1360 = CIRCLE ( 'NONE', #738, 0.2500000000000002220 ) ;
#1361 = EDGE_CURVE ( 'NONE', #1389, #2966, #519, .T. ) ;
#1362 = ORIENTED_EDGE ( 'NONE', *, *, #55, .T. ) ;
#1363 = STYLED_ITEM ( 'NONE', ( #3070 ), #1582 ) ;
#1364 = CARTESIAN_POINT ( 'NONE',  ( 6.349999999999998757, 1.249999999999999112, 0.000000000000000000 ) ) ;
#1365 =( GEOMETRIC_REPRESENTATION_CONTEXT ( 3 ) GLOBAL_UNCERTAINTY_ASSIGNED_CONTEXT ( ( #617 ) ) GLOBAL_UNIT_ASSIGNED_CONTEXT ( ( #814, #2640, #2078 ) ) REPRESENTATION_CONTEXT ( 'NONE', 'WORKASPACE' ) );
#1366 = PRESENTATION_STYLE_ASSIGNMENT (( #284 ) ) ;
#1367 = ADVANCED_FACE ( 'NONE', ( #167 ), #1497, .F. ) ;
#1368 = VERTEX_POINT ( 'NONE', #245 ) ;
#1369 = MECHANICAL_DESIGN_GEOMETRIC_PRESENTATION_REPRESENTATION (  '', ( #258 ), #31 ) ;
#1370 = VECTOR ( 'NONE', #1281, 1000.000000000000000 ) ;
#1371 = PRESENTATION_LAYER_ASSIGNMENT (  '', '', ( #89 ) ) ;
#1372 = COLOUR_RGB ( '',0.8431372549019607865, 0.8431372549019607865, 0.8431372549019607865 ) ;
#1373 = VERTEX_POINT ( 'NONE', #3507 ) ;
#1374 = VECTOR ( 'NONE', #2722, 1000.000000000000000 ) ;
#1375 = AXIS2_PLACEMENT_3D ( 'NONE', #1933, #3041, #1462 ) ;
#1376 =( NAMED_UNIT ( * ) PLANE_ANGLE_UNIT ( ) SI_UNIT ( $, .RADIAN. ) );
#1377 = DIRECTION ( 'NONE',  ( -1.000000000000000000, 0.000000000000000000, 0.000000000000000000 ) ) ;
#1378 = DIRECTION ( 'NONE',  ( -0.000000000000000000, -0.000000000000000000, 1.000000000000000000 ) ) ;
#1379 = SURFACE_SIDE_STYLE ('',( #3279 ) ) ;
#1380 = ORIENTED_EDGE ( 'NONE', *, *, #2043, .F. ) ;
#1381 = EDGE_CURVE ( 'NONE', #498, #1312, #1307, .T. ) ;
#1382 = CARTESIAN_POINT ( 'NONE',  ( 5.249999999999999112, 5.250000000000000000, 0.5699999999999999512 ) ) ;
#1383 = FILL_AREA_STYLE_COLOUR ( '', #2508 ) ;
#1384 = ORIENTED_EDGE ( 'NONE', *, *, #1746, .F. ) ;
#1385 = ORIENTED_EDGE ( 'NONE', *, *, #1432, .T. ) ;
#1386 = SURFACE_SIDE_STYLE ('',( #285 ) ) ;
#1387 = ADVANCED_FACE ( 'NONE', ( #2394 ), #724, .F. ) ;
#1388 = PRODUCT_DEFINITION_SHAPE ( 'NONE', 'NONE',  #44 ) ;
#1389 = VERTEX_POINT ( 'NONE', #2925 ) ;
#1390 = SPHERICAL_SURFACE ( 'NONE', #782, 0.2500000000000000000 ) ;
#1391 = FILL_AREA_STYLE_COLOUR ( '', #187 ) ;
#1392 = DIRECTION ( 'NONE',  ( 0.000000000000000000, 0.000000000000000000, -1.000000000000000000 ) ) ;
#1393 = MANIFOLD_SOLID_BREP ( 'Wrap1', #2767 ) ;
#1394 = ORIENTED_EDGE ( 'NONE', *, *, #1275, .F. ) ;
#1395 = SURFACE_STYLE_USAGE ( .BOTH. , #2496 ) ;
#1396 = ORIENTED_EDGE ( 'NONE', *, *, #604, .T. ) ;
#1397 = CARTESIAN_POINT ( 'NONE',  ( -6.350000000000000533, -1.290000000000000924, 0.5699999999999999512 ) ) ;
#1398 = DIRECTION ( 'NONE',  ( 1.000000000000000000, 0.000000000000000000, 0.000000000000000000 ) ) ;
#1399 = EDGE_LOOP ( 'NONE', ( #1940, #1151, #88, #815, #996, #2590, #1318, #1684, #1445, #2846, #2286, #2160, #2390, #3502, #761, #522, #92, #433, #2976, #2985, #2990, #2679, #3092, #3036, #351, #842, #106, #3400, #447, #1157, #3192, #795, #30, #1353, #3418, #916, #923, #413, #1916, #622, #895, #3046, #573, #1728 ) ) ;
#1400 = AXIS2_PLACEMENT_3D ( 'NONE', #2478, #3280, #570 ) ;
#1401 = EDGE_CURVE ( 'NONE', #152, #358, #1546, .T. ) ;
#1402 = ORIENTED_EDGE ( 'NONE', *, *, #2589, .F. ) ;
#1403 = VECTOR ( 'NONE', #2570, 1000.000000000000000 ) ;
#1404 = PLANE ( 'NONE',  #2888 ) ;
#1405 =( LENGTH_UNIT ( ) NAMED_UNIT ( * ) SI_UNIT ( .MILLI., .METRE. ) );
#1406 = DIRECTION ( 'NONE',  ( -0.000000000000000000, 0.000000000000000000, 1.000000000000000000 ) ) ;
#1407 = VECTOR ( 'NONE', #1681, 1000.000000000000000 ) ;
#1408 = EDGE_LOOP ( 'NONE', ( #323, #834, #881, #2880 ) ) ;
#1409 = AXIS2_PLACEMENT_3D ( 'NONE', #555, #3001, #246 ) ;
#1410 =( LENGTH_UNIT ( ) NAMED_UNIT ( * ) SI_UNIT ( .MILLI., .METRE. ) );
#1411 = DIRECTION ( 'NONE',  ( -0.000000000000000000, -0.000000000000000000, 1.000000000000000000 ) ) ;
#1412 = CARTESIAN_POINT ( 'NONE',  ( -6.350000000000001421, 4.589999999999998082, 0.000000000000000000 ) ) ;
#1413 = VECTOR ( 'NONE', #2879, 1000.000000000000000 ) ;
#1414 = DIRECTION ( 'NONE',  ( 0.000000000000000000, 0.000000000000000000, -1.000000000000000000 ) ) ;
#1415 = FACE_OUTER_BOUND ( 'NONE', #3300, .T. ) ;
#1416 = SURFACE_STYLE_USAGE ( .BOTH. , #1852 ) ;
#1417 = AXIS2_PLACEMENT_3D ( 'NONE', #1859, #1805, #1255 ) ;
#1418 = LINE ( 'NONE', #2228, #2206 ) ;
#1419 =( LENGTH_UNIT ( ) NAMED_UNIT ( * ) SI_UNIT ( .MILLI., .METRE. ) );
#1420 = VECTOR ( 'NONE', #2546, 1000.000000000000000 ) ;
#1421 = ORIENTED_EDGE ( 'NONE', *, *, #1024, .T. ) ;
#1422 = ORIENTED_EDGE ( 'NONE', *, *, #2444, .F. ) ;
#1423 = CARTESIAN_POINT ( 'NONE',  ( 0.000000000000000000, 4.900000000000000355, 4.220000000000000639 ) ) ;
#1424 =( GEOMETRIC_REPRESENTATION_CONTEXT ( 3 ) GLOBAL_UNCERTAINTY_ASSIGNED_CONTEXT ( ( #1553 ) ) GLOBAL_UNIT_ASSIGNED_CONTEXT ( ( #3397, #3364, #2216 ) ) REPRESENTATION_CONTEXT ( 'NONE', 'WORKASPACE' ) );
#1425 = CYLINDRICAL_SURFACE ( 'NONE', #2097, 0.2500000000000002220 ) ;
#1426 = ORIENTED_EDGE ( 'NONE', *, *, #148, .T. ) ;
#1427 = VECTOR ( 'NONE', #2344, 1000.000000000000000 ) ;
#1428 = CARTESIAN_POINT ( 'NONE',  ( 6.349999999999997868, 6.349999999999997868, 0.000000000000000000 ) ) ;
#1429 = DIRECTION ( 'NONE',  ( 1.000000000000000000, 0.000000000000000000, 0.000000000000000000 ) ) ;
#1430 = CARTESIAN_POINT ( 'NONE',  ( 2.049999999999999378, -6.349999999999999645, 0.000000000000000000 ) ) ;
#1431 = FILL_AREA_STYLE_COLOUR ( '', #3084 ) ;
#1432 = EDGE_CURVE ( 'NONE', #1449, #152, #1360, .T. ) ;
#1433 = STYLED_ITEM ( 'NONE', ( #2244 ), #2332 ) ;
#1434 = VERTEX_POINT ( 'NONE', #2076 ) ;
#1435 = UNCERTAINTY_MEASURE_WITH_UNIT (LENGTH_MEASURE( 1.000000000000000082E-05 ), #2936, 'distance_accuracy_value', 'NONE');
#1436 = AXIS2_PLACEMENT_3D ( 'NONE', #3328, #1713, #355 ) ;
#1437 = AXIS2_PLACEMENT_3D ( 'NONE', #543, #1584, #780 ) ;
#1438 = UNCERTAINTY_MEASURE_WITH_UNIT (LENGTH_MEASURE( 1.000000000000000082E-05 ), #3136, 'distance_accuracy_value', 'NONE');
#1439 = ADVANCED_FACE ( 'NONE', ( #2368 ), #3488, .T. ) ;
#1440 = CARTESIAN_POINT ( 'NONE',  ( -1.380000000000001226, 6.349999999999998757, 0.000000000000000000 ) ) ;
#1441 =( GEOMETRIC_REPRESENTATION_CONTEXT ( 3 ) GLOBAL_UNCERTAINTY_ASSIGNED_CONTEXT ( ( #1139 ) ) GLOBAL_UNIT_ASSIGNED_CONTEXT ( ( #1507, #1761, #2914 ) ) REPRESENTATION_CONTEXT ( 'NONE', 'WORKASPACE' ) );
#1442 = EDGE_CURVE ( 'NONE', #1357, #2002, #1359, .T. ) ;
#1443 = ORIENTED_EDGE ( 'NONE', *, *, #356, .T. ) ;
#1444 =( NAMED_UNIT ( * ) PLANE_ANGLE_UNIT ( ) SI_UNIT ( $, .RADIAN. ) );
#1445 = ORIENTED_EDGE ( 'NONE', *, *, #1613, .T. ) ;
#1446 = ORIENTED_EDGE ( 'NONE', *, *, #2451, .T. ) ;
#1447 = DIRECTION ( 'NONE',  ( 1.000000000000000000, 0.000000000000000000, 0.000000000000000000 ) ) ;
#1448 = DIRECTION ( 'NONE',  ( 1.000000000000000000, 0.000000000000000000, 0.000000000000000000 ) ) ;
#1449 = VERTEX_POINT ( 'NONE', #828 ) ;
#1450 = DIRECTION ( 'NONE',  ( 0.000000000000000000, 0.000000000000000000, -1.000000000000000000 ) ) ;
#1451 = PRESENTATION_STYLE_ASSIGNMENT (( #372 ) ) ;
#1452 = CARTESIAN_POINT ( 'NONE',  ( -4.900000000000000355, -4.900000000000000355, 0.5699999999999999512 ) ) ;
#1453 = ORIENTED_EDGE ( 'NONE', *, *, #655, .T. ) ;
#1454 = EDGE_CURVE ( 'NONE', #1373, #856, #2124, .T. ) ;
#1455 = FILL_AREA_STYLE ('',( #3401 ) ) ;
#1456 = DIRECTION ( 'NONE',  ( -0.000000000000000000, 0.000000000000000000, 1.000000000000000000 ) ) ;
#1457 = DIRECTION ( 'NONE',  ( -0.000000000000000000, 0.000000000000000000, 1.000000000000000000 ) ) ;
#1458 = EDGE_CURVE ( 'NONE', #2757, #269, #589, .T. ) ;
#1459 = FACE_OUTER_BOUND ( 'NONE', #1785, .T. ) ;
#1460 = SURFACE_STYLE_FILL_AREA ( #1699 ) ;
#1461 = SURFACE_STYLE_USAGE ( .BOTH. , #2517 ) ;
#1462 = DIRECTION ( 'NONE',  ( 1.000000000000000000, 0.000000000000000000, 0.000000000000000000 ) ) ;
#1463 = VERTEX_POINT ( 'NONE', #3262 ) ;
#1464 = UNCERTAINTY_MEASURE_WITH_UNIT (LENGTH_MEASURE( 1.000000000000000082E-05 ), #2350, 'distance_accuracy_value', 'NONE');
#1465 = ORIENTED_EDGE ( 'NONE', *, *, #2897, .T. ) ;
#1466 = DIRECTION ( 'NONE',  ( 1.000000000000000000, -0.000000000000000000, 0.000000000000000000 ) ) ;
#1467 = DIRECTION ( 'NONE',  ( -0.000000000000000000, 1.000000000000000000, -0.000000000000000000 ) ) ;
#1468 = DIRECTION ( 'NONE',  ( 1.000000000000000000, 0.000000000000000000, 0.000000000000000000 ) ) ;
#1469 = VECTOR ( 'NONE', #762, 1000.000000000000000 ) ;
#1470 = ORIENTED_EDGE ( 'NONE', *, *, #1605, .F. ) ;
#1471 = MECHANICAL_DESIGN_GEOMETRIC_PRESENTATION_REPRESENTATION (  '', ( #563 ), #1235 ) ;
#1472 = UNCERTAINTY_MEASURE_WITH_UNIT (LENGTH_MEASURE( 1.000000000000000082E-05 ), #1724, 'distance_accuracy_value', 'NONE');
#1473 = CIRCLE ( 'NONE', #240, 0.3999999999999993006 ) ;
#1474 = DIRECTION ( 'NONE',  ( 1.000000000000000000, 0.000000000000000000, 0.000000000000000000 ) ) ;
#1475 = PRESENTATION_STYLE_ASSIGNMENT (( #2312 ) ) ;
#1476 = STYLED_ITEM ( 'NONE', ( #2822 ), #1118 ) ;
#1477 = SURFACE_STYLE_USAGE ( .BOTH. , #886 ) ;
#1478 = EDGE_CURVE ( 'NONE', #2916, #2757, #3306, .T. ) ;
#1479 = DIRECTION ( 'NONE',  ( -6.829619984160658046E-17, 1.000000000000000000, 0.000000000000000000 ) ) ;
#1480 = EDGE_LOOP ( 'NONE', ( #971, #1560, #2937, #2692 ) ) ;
#1481 = DIRECTION ( 'NONE',  ( 1.000000000000000000, 6.829619984160658046E-17, 0.000000000000000000 ) ) ;
#1482 = ADVANCED_FACE ( 'NONE', ( #539 ), #844, .F. ) ;
#1483 =( GEOMETRIC_REPRESENTATION_CONTEXT ( 3 ) GLOBAL_UNCERTAINTY_ASSIGNED_CONTEXT ( ( #524 ) ) GLOBAL_UNIT_ASSIGNED_CONTEXT ( ( #1410, #1678, #321 ) ) REPRESENTATION_CONTEXT ( 'NONE', 'WORKASPACE' ) );
#1484 = DIRECTION ( 'NONE',  ( 1.000000000000000000, 0.000000000000000000, 0.000000000000000000 ) ) ;
#1485 = CARTESIAN_POINT ( 'NONE',  ( 5.250000000000000888, -5.000000000000000000, 4.320000000000000284 ) ) ;
#1486 = PRESENTATION_LAYER_ASSIGNMENT (  '', '', ( #134 ) ) ;
#1487 = CYLINDRICAL_SURFACE ( 'NONE', #3187, 0.3999999999999993006 ) ;
#1488 = CARTESIAN_POINT ( 'NONE',  ( 6.349999999999997868, 4.589999999999998082, 0.000000000000000000 ) ) ;
#1489 = STYLED_ITEM ( 'NONE', ( #1632 ), #2850 ) ;
#1490 = VECTOR ( 'NONE', #3252, 1000.000000000000000 ) ;
#1491 = ORIENTED_EDGE ( 'NONE', *, *, #2451, .F. ) ;
#1492 = PRESENTATION_LAYER_ASSIGNMENT (  '', '', ( #258 ) ) ;
#1493 = CYLINDRICAL_SURFACE ( 'NONE', #2841, 0.4000000000000004108 ) ;
#1494 = COLOUR_RGB ( '',0.8627450980392157298, 0.5882352941176470784, 0.06274509803921568540 ) ;
#1495 = VECTOR ( 'NONE', #799, 1000.000000000000000 ) ;
#1496 = PRESENTATION_STYLE_ASSIGNMENT (( #3150 ) ) ;
#1497 = CYLINDRICAL_SURFACE ( 'NONE', #1417, 0.3999999999999993006 ) ;
#1498 = MECHANICAL_DESIGN_GEOMETRIC_PRESENTATION_REPRESENTATION (  '', ( #2398 ), #1441 ) ;
#1499 = DIRECTION ( 'NONE',  ( 0.000000000000000000, 0.000000000000000000, 1.000000000000000000 ) ) ;
#1500 = ORIENTED_EDGE ( 'NONE', *, *, #1817, .T. ) ;
#1501 = ADVANCED_FACE ( 'NONE', ( #335 ), #2423, .F. ) ;
#1502 = FILL_AREA_STYLE ('',( #2029 ) ) ;
#1503 = FILL_AREA_STYLE_COLOUR ( '', #2095 ) ;
#1504 = DIRECTION ( 'NONE',  ( -8.260587980841940012E-17, 1.000000000000000000, -0.000000000000000000 ) ) ;
#1505 = EDGE_CURVE ( 'NONE', #2574, #3393, #2986, .T. ) ;
#1506 = DIRECTION ( 'NONE',  ( 1.000000000000000000, 0.000000000000000000, 0.000000000000000000 ) ) ;
#1507 =( LENGTH_UNIT ( ) NAMED_UNIT ( * ) SI_UNIT ( .MILLI., .METRE. ) );
#1508 = EDGE_LOOP ( 'NONE', ( #2118, #1095, #2218, #1332 ) ) ;
#1509 = DIRECTION ( 'NONE',  ( 1.000000000000000000, 0.000000000000000000, 0.000000000000000000 ) ) ;
#1510 = CARTESIAN_POINT ( 'NONE',  ( 0.5049999999999993383, -4.900000000000000355, 1.779999999999999805 ) ) ;
#1511 = SURFACE_STYLE_FILL_AREA ( #2566 ) ;
#1512 = ORIENTED_EDGE ( 'NONE', *, *, #766, .F. ) ;
#1513 = DIRECTION ( 'NONE',  ( 1.000000000000000000, 0.000000000000000000, 0.000000000000000000 ) ) ;
#1514 = DIRECTION ( 'NONE',  ( -0.000000000000000000, -0.000000000000000000, 1.000000000000000000 ) ) ;
#1515 = ORIENTED_EDGE ( 'NONE', *, *, #2803, .F. ) ;
#1516 = UNCERTAINTY_MEASURE_WITH_UNIT (LENGTH_MEASURE( 1.000000000000000082E-05 ), #393, 'distance_accuracy_value', 'NONE');
#1517 = ORIENTED_EDGE ( 'NONE', *, *, #1381, .F. ) ;
#1518 = LINE ( 'NONE', #419, #2018 ) ;
#1519 = CARTESIAN_POINT ( 'NONE',  ( -6.350000000000000533, 1.249999999999999112, 0.5699999999999999512 ) ) ;
#1520 =( LENGTH_UNIT ( ) NAMED_UNIT ( * ) SI_UNIT ( .MILLI., .METRE. ) );
#1521 = FACE_OUTER_BOUND ( 'NONE', #5, .T. ) ;
#1522 = EDGE_CURVE ( 'NONE', #1231, #228, #407, .T. ) ;
#1523 = ORIENTED_EDGE ( 'NONE', *, *, #2965, .T. ) ;
#1524 = MECHANICAL_DESIGN_GEOMETRIC_PRESENTATION_REPRESENTATION (  '', ( #1062 ), #2360 ) ;
#1525 = PLANE ( 'NONE',  #1070 ) ;
#1526 = ORIENTED_EDGE ( 'NONE', *, *, #15, .T. ) ;
#1527 = VECTOR ( 'NONE', #3011, 1000.000000000000000 ) ;
#1528 =( NAMED_UNIT ( * ) PLANE_ANGLE_UNIT ( ) SI_UNIT ( $, .RADIAN. ) );
#1529 = CARTESIAN_POINT ( 'NONE',  ( -6.350000000000001421, 3.789999999999998703, 0.000000000000000000 ) ) ;
#1530 = CARTESIAN_POINT ( 'NONE',  ( -6.349999999999999645, -6.350000000000000533, 0.5699999999999999512 ) ) ;
#1531 = ORIENTED_EDGE ( 'NONE', *, *, #1327, .F. ) ;
#1532 = DIRECTION ( 'NONE',  ( 1.000000000000000000, 0.000000000000000000, 0.000000000000000000 ) ) ;
#1533 = CARTESIAN_POINT ( 'NONE',  ( -3.030000000000001137, -6.350000000000000533, 0.5699999999999999512 ) ) ;
#1534 = PRESENTATION_STYLE_ASSIGNMENT (( #961 ) ) ;
#1535 = COLOUR_RGB ( '',0.8431372549019607865, 0.8431372549019607865, 0.8431372549019607865 ) ;
#1536 =( NAMED_UNIT ( * ) SI_UNIT ( $, .STERADIAN. ) SOLID_ANGLE_UNIT ( ) );
#1537 = CARTESIAN_POINT ( 'NONE',  ( -1.004999999999999005, 4.900000000000000355, 4.570000000000000284 ) ) ;
#1538 = ORIENTED_EDGE ( 'NONE', *, *, #1522, .T. ) ;
#1539 = VECTOR ( 'NONE', #239, 1000.000000000000000 ) ;
#1540 = LINE ( 'NONE', #3482, #2785 ) ;
#1541 = EDGE_CURVE ( 'NONE', #600, #269, #1717, .T. ) ;
#1542 = FILL_AREA_STYLE_COLOUR ( '', #1882 ) ;
#1543 = FILL_AREA_STYLE ('',( #463 ) ) ;
#1544 = ORIENTED_EDGE ( 'NONE', *, *, #3040, .F. ) ;
#1545 = DIRECTION ( 'NONE',  ( 1.000000000000000000, 0.000000000000000000, 0.000000000000000000 ) ) ;
#1546 = LINE ( 'NONE', #2621, #2194 ) ;
#1547 = CARTESIAN_POINT ( 'NONE',  ( -6.350000000000001421, 6.349999999999998757, 0.5699999999999999512 ) ) ;
#1548 = EDGE_CURVE ( 'NONE', #126, #21, #615, .T. ) ;
#1549 = CIRCLE ( 'NONE', #2328, 0.5000000000000000000 ) ;
#1550 = DIRECTION ( 'NONE',  ( 3.469446951953611033E-15, -1.000000000000000000, 0.000000000000000000 ) ) ;
#1551 = ORIENTED_EDGE ( 'NONE', *, *, #3520, .F. ) ;
#1552 = AXIS2_PLACEMENT_3D ( 'NONE', #77, #1994, #894 ) ;
#1553 = UNCERTAINTY_MEASURE_WITH_UNIT (LENGTH_MEASURE( 1.000000000000000082E-05 ), #3397, 'distance_accuracy_value', 'NONE');
#1554 = PRESENTATION_LAYER_ASSIGNMENT (  '', '', ( #920 ) ) ;
#1555 = CARTESIAN_POINT ( 'NONE',  ( -6.349999999999999645, -6.350000000000000533, 0.5699999999999999512 ) ) ;
#1556 = DIRECTION ( 'NONE',  ( -0.000000000000000000, 0.000000000000000000, 1.000000000000000000 ) ) ;
#1557 = CARTESIAN_POINT ( 'NONE',  ( 4.999999999999999112, 5.000000000000000000, 4.570000000000000284 ) ) ;
#1558 = DIRECTION ( 'NONE',  ( 0.000000000000000000, 0.000000000000000000, -1.000000000000000000 ) ) ;
#1559 = CARTESIAN_POINT ( 'NONE',  ( -6.350000000000002309, 1.649999999999998579, 0.5699999999999999512 ) ) ;
#1560 = ORIENTED_EDGE ( 'NONE', *, *, #3085, .T. ) ;
#1561 = DIRECTION ( 'NONE',  ( -0.000000000000000000, 0.000000000000000000, 1.000000000000000000 ) ) ;
#1562 = ORIENTED_EDGE ( 'NONE', *, *, #1849, .F. ) ;
#1563 = CARTESIAN_POINT ( 'NONE',  ( 6.349999999999997868, 6.349999999999997868, 0.5699999999999999512 ) ) ;
#1564 = PRESENTATION_STYLE_ASSIGNMENT (( #518 ) ) ;
#1565 = EDGE_CURVE ( 'NONE', #2574, #1569, #2292, .T. ) ;
#1566 = ORIENTED_EDGE ( 'NONE', *, *, #2623, .F. ) ;
#1567 = SURFACE_STYLE_FILL_AREA ( #1789 ) ;
#1568 =( NAMED_UNIT ( * ) PLANE_ANGLE_UNIT ( ) SI_UNIT ( $, .RADIAN. ) );
#1569 = VERTEX_POINT ( 'NONE', #882 ) ;
#1570 = CARTESIAN_POINT ( 'NONE',  ( 6.349999999999999645, -3.030000000000002469, 0.000000000000000000 ) ) ;
#1571 = ORIENTED_EDGE ( 'NONE', *, *, #1024, .F. ) ;
#1572 = DIRECTION ( 'NONE',  ( -6.829619984160658046E-17, 1.000000000000000000, 0.000000000000000000 ) ) ;
#1573 = CARTESIAN_POINT ( 'NONE',  ( 2.805000000000000160, 4.900000000000000355, 0.5700000000000001732 ) ) ;
#1574 = ORIENTED_EDGE ( 'NONE', *, *, #252, .F. ) ;
#1575 = DIRECTION ( 'NONE',  ( -0.000000000000000000, 0.000000000000000000, 1.000000000000000000 ) ) ;
#1576 = DIRECTION ( 'NONE',  ( 0.000000000000000000, -0.000000000000000000, 1.000000000000000000 ) ) ;
#1577 = AXIS2_PLACEMENT_3D ( 'NONE', #884, #2516, #3054 ) ;
#1578 = CARTESIAN_POINT ( 'NONE',  ( -6.350000000000001421, 4.589999999999998082, 0.000000000000000000 ) ) ;
#1579 = DIRECTION ( 'NONE',  ( 0.000000000000000000, 0.000000000000000000, -1.000000000000000000 ) ) ;
#1580 = MECHANICAL_DESIGN_GEOMETRIC_PRESENTATION_REPRESENTATION (  '', ( #2127 ), #2072 ) ;
#1581 = ORIENTED_EDGE ( 'NONE', *, *, #841, .F. ) ;
#1582 = ADVANCED_FACE ( 'NONE', ( #114 ), #652, .F. ) ;
#1583 =( NAMED_UNIT ( * ) PLANE_ANGLE_UNIT ( ) SI_UNIT ( $, .RADIAN. ) );
#1584 = DIRECTION ( 'NONE',  ( -0.000000000000000000, 0.000000000000000000, 1.000000000000000000 ) ) ;
#1585 = ORIENTED_EDGE ( 'NONE', *, *, #1971, .F. ) ;
#1586 = DIRECTION ( 'NONE',  ( 0.000000000000000000, 1.000000000000000000, -0.000000000000000000 ) ) ;
#1587 = ADVANCED_FACE ( 'NONE', ( #3105 ), #1493, .F. ) ;
#1588 = DIRECTION ( 'NONE',  ( 0.000000000000000000, 0.000000000000000000, -1.000000000000000000 ) ) ;
#1589 = MECHANICAL_DESIGN_GEOMETRIC_PRESENTATION_REPRESENTATION (  '', ( #906 ), #125 ) ;
#1590 = CARTESIAN_POINT ( 'NONE',  ( -6.349999999999999645, -6.350000000000000533, 0.5699999999999999512 ) ) ;
#1591 = ORIENTED_EDGE ( 'NONE', *, *, #1746, .T. ) ;
#1592 = MECHANICAL_DESIGN_GEOMETRIC_PRESENTATION_REPRESENTATION (  '', ( #2135 ), #625 ) ;
#1593 = CARTESIAN_POINT ( 'NONE',  ( 0.000000000000000000, 6.350999999999999979, 1.779999999999999805 ) ) ;
#1594 = SURFACE_STYLE_FILL_AREA ( #2953 ) ;
#1595 = ORIENTED_EDGE ( 'NONE', *, *, #2869, .F. ) ;
#1596 = FILL_AREA_STYLE ('',( #2111 ) ) ;
#1597 = PRESENTATION_STYLE_ASSIGNMENT (( #1829 ) ) ;
#1598 = CARTESIAN_POINT ( 'NONE',  ( -1.004999999999999005, 5.250000000000000000, 4.570000000000000284 ) ) ;
#1599 = AXIS2_PLACEMENT_3D ( 'NONE', #1530, #1479, #2316 ) ;
#1600 = CIRCLE ( 'NONE', #3308, 0.4000000000000006328 ) ;
#1601 = ORIENTED_EDGE ( 'NONE', *, *, #1014, .T. ) ;
#1602 = AXIS2_PLACEMENT_3D ( 'NONE', #1159, #1456, #2821 ) ;
#1603 = VECTOR ( 'NONE', #530, 1000.000000000000000 ) ;
#1604 = PRESENTATION_LAYER_ASSIGNMENT (  '', '', ( #2733 ) ) ;
#1605 = EDGE_CURVE ( 'NONE', #2309, #1633, #153, .T. ) ;
#1606 = VERTEX_POINT ( 'NONE', #3330 ) ;
#1607 = CIRCLE ( 'NONE', #2740, 0.2500000000000002220 ) ;
#1608 = CARTESIAN_POINT ( 'NONE',  ( -6.350000000000000533, 2.049999999999998046, 0.5699999999999999512 ) ) ;
#1609 =( NAMED_UNIT ( * ) SI_UNIT ( $, .STERADIAN. ) SOLID_ANGLE_UNIT ( ) );
#1610 = AXIS2_PLACEMENT_3D ( 'NONE', #1559, #1264, #220 ) ;
#1611 = EDGE_CURVE ( 'NONE', #659, #1373, #912, .T. ) ;
#1612 = ORIENTED_EDGE ( 'NONE', *, *, #3135, .T. ) ;
#1613 = EDGE_CURVE ( 'NONE', #2836, #2088, #82, .T. ) ;
#1614 =( LENGTH_UNIT ( ) NAMED_UNIT ( * ) SI_UNIT ( .MILLI., .METRE. ) );
#1615 = VERTEX_POINT ( 'NONE', #1040 ) ;
#1616 =( NAMED_UNIT ( * ) SI_UNIT ( $, .STERADIAN. ) SOLID_ANGLE_UNIT ( ) );
#1617 = DIRECTION ( 'NONE',  ( 1.000000000000000000, 0.000000000000000000, 0.000000000000000000 ) ) ;
#1618 = CARTESIAN_POINT ( 'NONE',  ( -0.5049999999999985612, 6.350999999999999091, 1.779999999999999805 ) ) ;
#1619 = VERTEX_POINT ( 'NONE', #1855 ) ;
#1620 = DIRECTION ( 'NONE',  ( 0.000000000000000000, -1.000000000000000000, -0.000000000000000000 ) ) ;
#1621 =( NAMED_UNIT ( * ) SI_UNIT ( $, .STERADIAN. ) SOLID_ANGLE_UNIT ( ) );
#1622 = DIRECTION ( 'NONE',  ( -0.000000000000000000, -0.000000000000000000, 1.000000000000000000 ) ) ;
#1623 = SURFACE_SIDE_STYLE ('',( #576 ) ) ;
#1624 = ORIENTED_EDGE ( 'NONE', *, *, #2009, .F. ) ;
#1625 = CARTESIAN_POINT ( 'NONE',  ( -0.5049999999999988942, 5.250000000000000000, 1.279999999999999805 ) ) ;
#1626 = SURFACE_SIDE_STYLE ('',( #2995 ) ) ;
#1627 = EDGE_CURVE ( 'NONE', #204, #713, #2305, .T. ) ;
#1628 = ORIENTED_EDGE ( 'NONE', *, *, #3208, .T. ) ;
#1629 = CARTESIAN_POINT ( 'NONE',  ( -5.000000000000000888, 5.000000000000000000, 4.570000000000000284 ) ) ;
#1630 = EDGE_CURVE ( 'NONE', #1, #51, #2614, .T. ) ;
#1631 = DIRECTION ( 'NONE',  ( 0.000000000000000000, 0.000000000000000000, 1.000000000000000000 ) ) ;
#1632 = PRESENTATION_STYLE_ASSIGNMENT (( #2713 ) ) ;
#1633 = VERTEX_POINT ( 'NONE', #1266 ) ;
#1634 = SURFACE_SIDE_STYLE ('',( #1867 ) ) ;
#1635 = VECTOR ( 'NONE', #1466, 1000.000000000000000 ) ;
#1636 = CARTESIAN_POINT ( 'NONE',  ( -6.350000000000001421, 6.349999999999998757, 0.000000000000000000 ) ) ;
#1637 = DIRECTION ( 'NONE',  ( -0.000000000000000000, -1.000000000000000000, -0.000000000000000000 ) ) ;
#1638 = CARTESIAN_POINT ( 'NONE',  ( -0.8900000000000014566, -6.350000000000000533, 0.5699999999999999512 ) ) ;
#1639 = AXIS2_PLACEMENT_3D ( 'NONE', #267, #540, #1617 ) ;
#1640 = ORIENTED_EDGE ( 'NONE', *, *, #2573, .F. ) ;
#1641 = SURFACE_STYLE_USAGE ( .BOTH. , #2967 ) ;
#1642 = VECTOR ( 'NONE', #3314, 1000.000000000000000 ) ;
#1643 = ORIENTED_EDGE ( 'NONE', *, *, #608, .F. ) ;
#1644 = STYLED_ITEM ( 'NONE', ( #2195 ), #1439 ) ;
#1645 = EDGE_CURVE ( 'NONE', #1864, #498, #2347, .T. ) ;
#1646 = DIRECTION ( 'NONE',  ( 1.000000000000000000, 0.000000000000000000, 0.000000000000000000 ) ) ;
#1647 = PRESENTATION_LAYER_ASSIGNMENT (  '', '', ( #1756 ) ) ;
#1648 = SURFACE_STYLE_FILL_AREA ( #2143 ) ;
#1649 = DIRECTION ( 'NONE',  ( 0.000000000000000000, 0.000000000000000000, -1.000000000000000000 ) ) ;
#1650 = EDGE_CURVE ( 'NONE', #2266, #2408, #745, .T. ) ;
#1651 = DIRECTION ( 'NONE',  ( -1.000000000000000000, -0.000000000000000000, -0.000000000000000000 ) ) ;
#1652 = COLOUR_RGB ( '',0.8431372549019607865, 0.8431372549019607865, 0.8431372549019607865 ) ;
#1653 = EDGE_CURVE ( 'NONE', #768, #1663, #1227, .T. ) ;
#1654 = LINE ( 'NONE', #1364, #672 ) ;
#1655 = AXIS2_PLACEMENT_3D ( 'NONE', #2239, #1147, #866 ) ;
#1656 = SURFACE_STYLE_USAGE ( .BOTH. , #3338 ) ;
#1657 = ORIENTED_EDGE ( 'NONE', *, *, #3354, .T. ) ;
#1658 = COLOUR_RGB ( '',0.8431372549019607865, 0.8431372549019607865, 0.8431372549019607865 ) ;
#1659 = VECTOR ( 'NONE', #1206, 1000.000000000000000 ) ;
#1660 = MECHANICAL_DESIGN_GEOMETRIC_PRESENTATION_REPRESENTATION (  '', ( #35 ), #863 ) ;
#1661 = CIRCLE ( 'NONE', #919, 0.5993639800389926053 ) ;
#1662 = VERTEX_POINT ( 'NONE', #3464 ) ;
#1663 = VERTEX_POINT ( 'NONE', #3225 ) ;
#1664 = SURFACE_STYLE_USAGE ( .BOTH. , #1071 ) ;
#1665 = FILL_AREA_STYLE_COLOUR ( '', #514 ) ;
#1666 = ORIENTED_EDGE ( 'NONE', *, *, #3091, .F. ) ;
#1667 = LINE ( 'NONE', #91, #511 ) ;
#1668 = ADVANCED_FACE ( 'NONE', ( #2387 ), #3503, .T. ) ;
#1669 = ORIENTED_EDGE ( 'NONE', *, *, #655, .F. ) ;
#1670 = ORIENTED_EDGE ( 'NONE', *, *, #2383, .T. ) ;
#1671 = SURFACE_STYLE_FILL_AREA ( #2721 ) ;
#1672 = DIRECTION ( 'NONE',  ( 1.000000000000000000, -6.829619984160658046E-17, 0.000000000000000000 ) ) ;
#1673 = ORIENTED_EDGE ( 'NONE', *, *, #2171, .F. ) ;
#1674 = DIRECTION ( 'NONE',  ( -0.000000000000000000, -1.000000000000000000, -0.000000000000000000 ) ) ;
#1675 = CARTESIAN_POINT ( 'NONE',  ( -6.350000000000001421, 6.349999999999998757, 0.5699999999999999512 ) ) ;
#1676 = VERTEX_POINT ( 'NONE', #1783 ) ;
#1677 = UNCERTAINTY_MEASURE_WITH_UNIT (LENGTH_MEASURE( 1.000000000000000082E-05 ), #968, 'distance_accuracy_value', 'NONE');
#1678 =( NAMED_UNIT ( * ) PLANE_ANGLE_UNIT ( ) SI_UNIT ( $, .RADIAN. ) );
#1679 = DIRECTION ( 'NONE',  ( 1.365923996832131856E-16, -1.000000000000000000, 0.000000000000000000 ) ) ;
#1680 = CARTESIAN_POINT ( 'NONE',  ( -6.349999999999999645, -6.350000000000000533, 0.5699999999999999512 ) ) ;
#1681 = DIRECTION ( 'NONE',  ( -0.000000000000000000, -0.000000000000000000, 1.000000000000000000 ) ) ;
#1682 = SURFACE_STYLE_FILL_AREA ( #3318 ) ;
#1683 = ORIENTED_EDGE ( 'NONE', *, *, #2338, .F. ) ;
#1684 = ORIENTED_EDGE ( 'NONE', *, *, #2706, .F. ) ;
#1685 = ADVANCED_FACE ( 'NONE', ( #2877 ), #2361, .F. ) ;
#1686 = VECTOR ( 'NONE', #1720, 1000.000000000000000 ) ;
#1687 = ORIENTED_EDGE ( 'NONE', *, *, #15, .F. ) ;
#1688 = LINE ( 'NONE', #2522, #392 ) ;
#1689 = EDGE_CURVE ( 'NONE', #1389, #770, #460, .T. ) ;
#1690 = DIRECTION ( 'NONE',  ( 0.000000000000000000, -1.000000000000000000, -0.000000000000000000 ) ) ;
#1691 = DIRECTION ( 'NONE',  ( 0.000000000000000000, 0.000000000000000000, 1.000000000000000000 ) ) ;
#1692 = SURFACE_STYLE_FILL_AREA ( #2191 ) ;
#1693 = EDGE_CURVE ( 'NONE', #2275, #3162, #1540, .T. ) ;
#1694 = VECTOR ( 'NONE', #445, 1000.000000000000000 ) ;
#1695 = ORIENTED_EDGE ( 'NONE', *, *, #977, .T. ) ;
#1696 = VECTOR ( 'NONE', #2944, 1000.000000000000000 ) ;
#1697 = AXIS2_PLACEMENT_3D ( 'NONE', #636, #1926, #1768 ) ;
#1698 = LINE ( 'NONE', #1928, #837 ) ;
#1699 = FILL_AREA_STYLE ('',( #1964 ) ) ;
#1700 = VECTOR ( 'NONE', #791, 1000.000000000000000 ) ;
#1701 = LINE ( 'NONE', #3129, #3198 ) ;
#1702 = DIRECTION ( 'NONE',  ( -1.652117596168387756E-16, 1.000000000000000000, -0.000000000000000000 ) ) ;
#1703 = VECTOR ( 'NONE', #1089, 1000.000000000000000 ) ;
#1704 = ORIENTED_EDGE ( 'NONE', *, *, #1381, .T. ) ;
#1705 = CIRCLE ( 'NONE', #189, 0.4000000000000006328 ) ;
#1706 = AXIS2_PLACEMENT_3D ( 'NONE', #2085, #2051, #1506 ) ;
#1707 = DIRECTION ( 'NONE',  ( 1.000000000000000000, 0.000000000000000000, 0.000000000000000000 ) ) ;
#1708 = EDGE_CURVE ( 'NONE', #345, #627, #3163, .T. ) ;
#1709 = VECTOR ( 'NONE', #1579, 1000.000000000000000 ) ;
#1710 = ORIENTED_EDGE ( 'NONE', *, *, #2149, .F. ) ;
#1711 =( NAMED_UNIT ( * ) SI_UNIT ( $, .STERADIAN. ) SOLID_ANGLE_UNIT ( ) );
#1712 = CARTESIAN_POINT ( 'NONE',  ( -6.350000000000001421, 6.349999999999998757, 0.5699999999999999512 ) ) ;
#1713 = DIRECTION ( 'NONE',  ( -0.000000000000000000, 0.000000000000000000, 1.000000000000000000 ) ) ;
#1714 = ADVANCED_FACE ( 'NONE', ( #1025 ), #2090, .F. ) ;
#1715 = ORIENTED_EDGE ( 'NONE', *, *, #2528, .F. ) ;
#1716 = AXIS2_PLACEMENT_3D ( 'NONE', #583, #1903, #788 ) ;
#1717 = LINE ( 'NONE', #1177, #2086 ) ;
#1718 =( NAMED_UNIT ( * ) SI_UNIT ( $, .STERADIAN. ) SOLID_ANGLE_UNIT ( ) );
#1719 = VECTOR ( 'NONE', #1321, 1000.000000000000000 ) ;
#1720 = DIRECTION ( 'NONE',  ( -1.365923996832131856E-16, 1.000000000000000000, -0.000000000000000000 ) ) ;
#1721 = DIRECTION ( 'NONE',  ( 0.000000000000000000, 0.000000000000000000, -1.000000000000000000 ) ) ;
#1722 = FACE_OUTER_BOUND ( 'NONE', #3474, .T. ) ;
#1723 = EDGE_LOOP ( 'NONE', ( #651, #3341, #905, #131, #3486, #2062, #3509, #1113, #1951, #2106, #1809, #1624, #488, #325, #1544, #3099, #1523, #2647, #2513, #1096, #2646, #382, #2661, #1640, #2245, #2128, #2134, #3284, #2022, #3169, #1176, #3313, #1283, #1683, #2781, #1517, #2232, #2261, #2923, #3287 ) ) ;
#1724 =( LENGTH_UNIT ( ) NAMED_UNIT ( * ) SI_UNIT ( .MILLI., .METRE. ) );
#1725 = ORIENTED_EDGE ( 'NONE', *, *, #2996, .T. ) ;
#1726 = CARTESIAN_POINT ( 'NONE',  ( 2.899999999999999467, 6.349999999999997868, 0.000000000000000000 ) ) ;
#1727 = DIRECTION ( 'NONE',  ( 1.000000000000000000, -6.829619984160658046E-17, 0.000000000000000000 ) ) ;
#1728 = ORIENTED_EDGE ( 'NONE', *, *, #2730, .F. ) ;
#1729 = EDGE_CURVE ( 'NONE', #93, #2708, #2174, .T. ) ;
#1730 =( NAMED_UNIT ( * ) SI_UNIT ( $, .STERADIAN. ) SOLID_ANGLE_UNIT ( ) );
#1731 = SPHERICAL_SURFACE ( 'NONE', #462, 0.2500000000000000000 ) ;
#1732 = ADVANCED_FACE ( 'NONE', ( #1068 ), #57, .T. ) ;
#1733 = PLANE ( 'NONE',  #3242 ) ;
#1734 = CARTESIAN_POINT ( 'NONE',  ( 1.649999999999998579, -6.350000000000000533, 0.5699999999999999512 ) ) ;
#1735 = VERTEX_POINT ( 'NONE', #2743 ) ;
#1736 = UNCERTAINTY_MEASURE_WITH_UNIT (LENGTH_MEASURE( 1.000000000000000082E-05 ), #647, 'distance_accuracy_value', 'NONE');
#1737 = CARTESIAN_POINT ( 'NONE',  ( -6.350000000000001421, -0.8900000000000014566, 0.000000000000000000 ) ) ;
#1738 = CARTESIAN_POINT ( 'NONE',  ( 2.049999999999999378, -6.349999999999999645, 0.5699999999999999512 ) ) ;
#1739 = ORIENTED_EDGE ( 'NONE', *, *, #1458, .T. ) ;
#1740 = DIRECTION ( 'NONE',  ( -0.000000000000000000, -0.000000000000000000, 1.000000000000000000 ) ) ;
#1741 = CIRCLE ( 'NONE', #1114, 0.3999999999999993006 ) ;
#1742 = EDGE_LOOP ( 'NONE', ( #966, #3030, #406, #775 ) ) ;
#1743 = CARTESIAN_POINT ( 'NONE',  ( -5.250000000000000000, -5.250000000000000000, 4.570000000000000284 ) ) ;
#1744 = AXIS2_PLACEMENT_3D ( 'NONE', #1547, #3407, #212 ) ;
#1745 =( NAMED_UNIT ( * ) PLANE_ANGLE_UNIT ( ) SI_UNIT ( $, .RADIAN. ) );
#1746 = EDGE_CURVE ( 'NONE', #1231, #596, #1103, .T. ) ;
#1747 =( GEOMETRIC_REPRESENTATION_CONTEXT ( 3 ) GLOBAL_UNCERTAINTY_ASSIGNED_CONTEXT ( ( #3232 ) ) GLOBAL_UNIT_ASSIGNED_CONTEXT ( ( #3215, #2369, #1045 ) ) REPRESENTATION_CONTEXT ( 'NONE', 'WORKASPACE' ) );
#1748 = CARTESIAN_POINT ( 'NONE',  ( 1.004999999999999449, -5.250000000000000000, 0.5699999999999999512 ) ) ;
#1749 = FILL_AREA_STYLE ('',( #3373 ) ) ;
#1750 = SURFACE_STYLE_FILL_AREA ( #3130 ) ;
#1751 = CARTESIAN_POINT ( 'NONE',  ( 3.299999999999998934, 6.349999999999997868, 0.000000000000000000 ) ) ;
#1752 = ADVANCED_FACE ( 'NONE', ( #3238 ), #2161, .F. ) ;
#1753 = ORIENTED_EDGE ( 'NONE', *, *, #1565, .T. ) ;
#1754 = CARTESIAN_POINT ( 'NONE',  ( -6.350000000000001421, 6.349999999999998757, 0.5699999999999999512 ) ) ;
#1755 = CARTESIAN_POINT ( 'NONE',  ( -6.350000000000001421, 6.349999999999998757, 0.000000000000000000 ) ) ;
#1756 = STYLED_ITEM ( 'NONE', ( #601 ), #1482 ) ;
#1757 = VERTEX_POINT ( 'NONE', #1116 ) ;
#1758 = DIRECTION ( 'NONE',  ( -1.365923996832131856E-16, 1.000000000000000000, -0.000000000000000000 ) ) ;
#1759 = STYLED_ITEM ( 'NONE', ( #2572 ), #1906 ) ;
#1760 = PLANE ( 'NONE',  #3429 ) ;
#1761 =( NAMED_UNIT ( * ) PLANE_ANGLE_UNIT ( ) SI_UNIT ( $, .RADIAN. ) );
#1762 = SURFACE_STYLE_FILL_AREA ( #944 ) ;
#1763 = PRESENTATION_LAYER_ASSIGNMENT (  '', '', ( #633 ) ) ;
#1764 =( GEOMETRIC_REPRESENTATION_CONTEXT ( 3 ) GLOBAL_UNCERTAINTY_ASSIGNED_CONTEXT ( ( #1835 ) ) GLOBAL_UNIT_ASSIGNED_CONTEXT ( ( #2667, #122, #1109 ) ) REPRESENTATION_CONTEXT ( 'NONE', 'WORKASPACE' ) );
#1765 = VERTEX_POINT ( 'NONE', #2136 ) ;
#1766 =( GEOMETRIC_REPRESENTATION_CONTEXT ( 3 ) GLOBAL_UNCERTAINTY_ASSIGNED_CONTEXT ( ( #653 ) ) GLOBAL_UNIT_ASSIGNED_CONTEXT ( ( #1952, #2637, #1616 ) ) REPRESENTATION_CONTEXT ( 'NONE', 'WORKASPACE' ) );
#1767 = PRESENTATION_LAYER_ASSIGNMENT (  '', '', ( #3312 ) ) ;
#1768 = DIRECTION ( 'NONE',  ( 0.000000000000000000, -0.000000000000000000, -1.000000000000000000 ) ) ;
#1769 = COLOUR_RGB ( '',0.8431372549019607865, 0.8431372549019607865, 0.8431372549019607865 ) ;
#1770 = VECTOR ( 'NONE', #1049, 1000.000000000000000 ) ;
#1771 = VERTEX_POINT ( 'NONE', #1875 ) ;
#1772 = SURFACE_STYLE_USAGE ( .BOTH. , #2000 ) ;
#1773 = CARTESIAN_POINT ( 'NONE',  ( -1.127570259384924611E-14, 4.830000000000004512, 0.5699999999999999512 ) ) ;
#1774 = EDGE_LOOP ( 'NONE', ( #178, #1725, #1669, #215, #2741, #108 ) ) ;
#1775 = PLANE ( 'NONE',  #2447 ) ;
#1776 = ADVANCED_FACE ( 'NONE', ( #3256 ), #2689, .F. ) ;
#1777 = CARTESIAN_POINT ( 'NONE',  ( -4.900000000000000355, -4.900000000000000355, 4.220000000000000639 ) ) ;
#1778 = SURFACE_STYLE_USAGE ( .BOTH. , #452 ) ;
#1779 = CARTESIAN_POINT ( 'NONE',  ( -2.805000000000000604, -4.900000000000000355, 0.000000000000000000 ) ) ;
#1780 = LINE ( 'NONE', #1537, #190 ) ;
#1781 = SURFACE_SIDE_STYLE ('',( #2017 ) ) ;
#1782 = ORIENTED_EDGE ( 'NONE', *, *, #1271, .T. ) ;
#1783 = CARTESIAN_POINT ( 'NONE',  ( -5.950000000000001954, -3.430000000000001492, 0.5699999999999999512 ) ) ;
#1784 = DIRECTION ( 'NONE',  ( 1.000000000000000000, 0.000000000000000000, 0.000000000000000000 ) ) ;
#1785 = EDGE_LOOP ( 'NONE', ( #1881, #3028, #1976 ) ) ;
#1786 = DIRECTION ( 'NONE',  ( -0.000000000000000000, 0.000000000000000000, 1.000000000000000000 ) ) ;
#1787 = FILL_AREA_STYLE_COLOUR ( '', #630 ) ;
#1788 = EDGE_LOOP ( 'NONE', ( #2534, #695, #3166, #470 ) ) ;
#1789 = FILL_AREA_STYLE ('',( #1503 ) ) ;
#1790 = SURFACE_STYLE_FILL_AREA ( #3173 ) ;
#1791 = EDGE_CURVE ( 'NONE', #2951, #2212, #3014, .T. ) ;
#1792 = ORIENTED_EDGE ( 'NONE', *, *, #1097, .F. ) ;
#1793 = LINE ( 'NONE', #2886, #510 ) ;
#1794 =( LENGTH_UNIT ( ) NAMED_UNIT ( * ) SI_UNIT ( .MILLI., .METRE. ) );
#1795 =( LENGTH_UNIT ( ) NAMED_UNIT ( * ) SI_UNIT ( .MILLI., .METRE. ) );
#1796 = CARTESIAN_POINT ( 'NONE',  ( 4.189999999999998614, -6.350000000000000533, 0.000000000000000000 ) ) ;
#1797 = EDGE_CURVE ( 'NONE', #2708, #2903, #1825, .T. ) ;
#1798 = ORIENTED_EDGE ( 'NONE', *, *, #947, .F. ) ;
#1799 = EDGE_CURVE ( 'NONE', #2408, #1662, #2542, .T. ) ;
#1800 = CARTESIAN_POINT ( 'NONE',  ( -5.000000000000000000, -5.250000000000000000, 4.570000000000000284 ) ) ;
#1801 = SURFACE_STYLE_USAGE ( .BOTH. , #760 ) ;
#1802 = SURFACE_SIDE_STYLE ('',( #721 ) ) ;
#1803 = ORIENTED_EDGE ( 'NONE', *, *, #595, .T. ) ;
#1804 =( NAMED_UNIT ( * ) SI_UNIT ( $, .STERADIAN. ) SOLID_ANGLE_UNIT ( ) );
#1805 = DIRECTION ( 'NONE',  ( -0.000000000000000000, -0.000000000000000000, 1.000000000000000000 ) ) ;
#1806 = SURFACE_STYLE_USAGE ( .BOTH. , #3452 ) ;
#1807 = AXIS2_PLACEMENT_3D ( 'NONE', #2165, #1631, #2957 ) ;
#1808 = DIRECTION ( 'NONE',  ( -0.000000000000000000, 1.000000000000000000, 0.000000000000000000 ) ) ;
#1809 = ORIENTED_EDGE ( 'NONE', *, *, #1361, .T. ) ;
#1810 = AXIS2_PLACEMENT_3D ( 'NONE', #733, #478, #3460 ) ;
#1811 = CARTESIAN_POINT ( 'NONE',  ( 4.999999999999999112, 5.000000000000000000, 4.320000000000000284 ) ) ;
#1812 = CARTESIAN_POINT ( 'NONE',  ( 0.000000000000000000, 0.000000000000000000, 0.5699999999999999512 ) ) ;
#1813 = CARTESIAN_POINT ( 'NONE',  ( 2.304999999999999716, 4.900000000000000355, 1.779999999999999805 ) ) ;
#1814 = CARTESIAN_POINT ( 'NONE',  ( -6.350000000000001421, -0.8900000000000014566, 0.000000000000000000 ) ) ;
#1815 = DIRECTION ( 'NONE',  ( 0.000000000000000000, 0.000000000000000000, 1.000000000000000000 ) ) ;
#1816 = MECHANICAL_DESIGN_GEOMETRIC_PRESENTATION_REPRESENTATION (  '', ( #2437 ), #1300 ) ;
#1817 = EDGE_CURVE ( 'NONE', #2169, #21, #854, .T. ) ;
#1818 = CARTESIAN_POINT ( 'NONE',  ( -5.000000000000000000, -4.130293990420969883E-16, 4.320000000000000284 ) ) ;
#1819 = ORIENTED_EDGE ( 'NONE', *, *, #1142, .F. ) ;
#1820 = VECTOR ( 'NONE', #3446, 1000.000000000000000 ) ;
#1821 = CARTESIAN_POINT ( 'NONE',  ( -6.350000000000001421, 6.349999999999998757, 0.5699999999999999512 ) ) ;
#1822 = CARTESIAN_POINT ( 'NONE',  ( -5.000000000000000888, 5.250000000000000000, 0.5699999999999999512 ) ) ;
#1823 = AXIS2_PLACEMENT_3D ( 'NONE', #140, #2282, #1550 ) ;
#1824 = ADVANCED_FACE ( 'NONE', ( #2779, #76 ), #354, .T. ) ;
#1825 = CIRCLE ( 'NONE', #1129, 0.4000000000000001887 ) ;
#1826 = EDGE_LOOP ( 'NONE', ( #442, #318, #2298, #1328 ) ) ;
#1827 = VECTOR ( 'NONE', #2221, 1000.000000000000000 ) ;
#1828 = AXIS2_PLACEMENT_3D ( 'NONE', #1811, #3155, #1532 ) ;
#1829 = SURFACE_STYLE_USAGE ( .BOTH. , #3188 ) ;
#1830 = DIRECTION ( 'NONE',  ( 0.000000000000000000, -1.000000000000000000, 0.000000000000000000 ) ) ;
#1831 = PRESENTATION_LAYER_ASSIGNMENT (  '', '', ( #414 ) ) ;
#1832 = DIRECTION ( 'NONE',  ( -0.000000000000000000, -0.000000000000000000, 1.000000000000000000 ) ) ;
#1833 = ORIENTED_EDGE ( 'NONE', *, *, #2891, .F. ) ;
#1834 = COLOUR_RGB ( '',0.8431372549019607865, 0.8431372549019607865, 0.8431372549019607865 ) ;
#1835 = UNCERTAINTY_MEASURE_WITH_UNIT (LENGTH_MEASURE( 1.000000000000000082E-05 ), #2667, 'distance_accuracy_value', 'NONE');
#1836 = AXIS2_PLACEMENT_3D ( 'NONE', #3079, #2230, #105 ) ;
#1837 = LINE ( 'NONE', #2340, #1659 ) ;
#1838 = DIRECTION ( 'NONE',  ( 1.000000000000000000, 1.652117596168388002E-16, 0.000000000000000000 ) ) ;
#1839 = DIRECTION ( 'NONE',  ( -1.365923996832131856E-16, 1.000000000000000000, -0.000000000000000000 ) ) ;
#1840 = SURFACE_STYLE_USAGE ( .BOTH. , #2343 ) ;
#1841 = DIRECTION ( 'NONE',  ( 1.000000000000000000, 1.365923996832131609E-16, -0.000000000000000000 ) ) ;
#1842 = ORIENTED_EDGE ( 'NONE', *, *, #693, .T. ) ;
#1843 = CARTESIAN_POINT ( 'NONE',  ( 6.349999999999998757, 2.049999999999998046, 0.5699999999999999512 ) ) ;
#1844 = VERTEX_POINT ( 'NONE', #1452 ) ;
#1845 = EDGE_CURVE ( 'NONE', #2183, #1771, #943, .T. ) ;
#1846 = FILL_AREA_STYLE_COLOUR ( '', #1175 ) ;
#1847 = SURFACE_SIDE_STYLE ('',( #3214 ) ) ;
#1848 = FILL_AREA_STYLE_COLOUR ( '', #915 ) ;
#1849 = EDGE_CURVE ( 'NONE', #1449, #932, #2005, .T. ) ;
#1850 = ORIENTED_EDGE ( 'NONE', *, *, #2737, .T. ) ;
#1851 = ORIENTED_EDGE ( 'NONE', *, *, #1432, .F. ) ;
#1852 = SURFACE_SIDE_STYLE ('',( #342 ) ) ;
#1853 =( NAMED_UNIT ( * ) PLANE_ANGLE_UNIT ( ) SI_UNIT ( $, .RADIAN. ) );
#1854 = ORIENTED_EDGE ( 'NONE', *, *, #214, .F. ) ;
#1855 = CARTESIAN_POINT ( 'NONE',  ( -6.349999999999999645, -3.830000000000000959, 0.5699999999999999512 ) ) ;
#1856 = FILL_AREA_STYLE_COLOUR ( '', #481 ) ;
#1857 = ORIENTED_EDGE ( 'NONE', *, *, #1401, .T. ) ;
#1858 = DIRECTION ( 'NONE',  ( -1.000000000000000000, -1.365923996832131856E-16, 0.000000000000000000 ) ) ;
#1859 = CARTESIAN_POINT ( 'NONE',  ( 6.350000000000000533, 1.649999999999998579, 0.000000000000000000 ) ) ;
#1860 = COLOUR_RGB ( '',0.8431372549019607865, 0.8431372549019607865, 0.8431372549019607865 ) ;
#1861 = CARTESIAN_POINT ( 'NONE',  ( -5.250000000000000000, -4.999999999999996447, 0.5699999999999999512 ) ) ;
#1862 = ADVANCED_FACE ( 'NONE', ( #648 ), #3065, .F. ) ;
#1863 = COLOUR_RGB ( '',0.8431372549019607865, 0.8431372549019607865, 0.8431372549019607865 ) ;
#1864 = VERTEX_POINT ( 'NONE', #1488 ) ;
#1865 = UNCERTAINTY_MEASURE_WITH_UNIT (LENGTH_MEASURE( 1.000000000000000082E-05 ), #3332, 'distance_accuracy_value', 'NONE');
#1866 = COLOUR_RGB ( '',0.8431372549019607865, 0.8431372549019607865, 0.8431372549019607865 ) ;
#1867 = SURFACE_STYLE_FILL_AREA ( #2978 ) ;
#1868 = EDGE_CURVE ( 'NONE', #483, #2339, #575, .T. ) ;
#1869 = SURFACE_STYLE_FILL_AREA ( #301 ) ;
#1870 = ORIENTED_EDGE ( 'NONE', *, *, #2047, .F. ) ;
#1871 = AXIS2_PLACEMENT_3D ( 'NONE', #2026, #691, #427 ) ;
#1872 = CARTESIAN_POINT ( 'NONE',  ( -5.250000000000000000, -5.250000000000000000, 0.5699999999999999512 ) ) ;
#1873 = VECTOR ( 'NONE', #869, 1000.000000000000000 ) ;
#1874 = VERTEX_POINT ( 'NONE', #1430 ) ;
#1875 = CARTESIAN_POINT ( 'NONE',  ( -1.020000000000017337, 3.810000000000010267, 0.5699999999999999512 ) ) ;
#1876 = ORIENTED_EDGE ( 'NONE', *, *, #1401, .F. ) ;
#1877 = AXIS2_PLACEMENT_3D ( 'NONE', #454, #3178, #3461 ) ;
#1878 = CARTESIAN_POINT ( 'NONE',  ( 1.519999999999989138, 4.829999999999992077, 0.5699999999999999512 ) ) ;
#1879 = VECTOR ( 'NONE', #1832, 1000.000000000000000 ) ;
#1880 = VECTOR ( 'NONE', #3391, 1000.000000000000000 ) ;
#1881 = ORIENTED_EDGE ( 'NONE', *, *, #2113, .T. ) ;
#1882 = COLOUR_RGB ( '',0.8431372549019607865, 0.8431372549019607865, 0.8431372549019607865 ) ;
#1883 = PRESENTATION_LAYER_ASSIGNMENT (  '', '', ( #2505 ) ) ;
#1884 = VECTOR ( 'NONE', #1740, 1000.000000000000000 ) ;
#1885 = EDGE_LOOP ( 'NONE', ( #1531, #1591, #2193, #1128 ) ) ;
#1886 = STYLED_ITEM ( 'NONE', ( #231 ), #2639 ) ;
#1887 = EDGE_CURVE ( 'NONE', #1619, #1676, #304, .T. ) ;
#1888 = LINE ( 'NONE', #2683, #1642 ) ;
#1889 = DIRECTION ( 'NONE',  ( 1.000000000000000000, 6.829619984160658046E-17, 0.000000000000000000 ) ) ;
#1890 = DIRECTION ( 'NONE',  ( 1.000000000000000000, -6.829619984160658046E-17, 0.000000000000000000 ) ) ;
#1891 = MECHANICAL_DESIGN_GEOMETRIC_PRESENTATION_REPRESENTATION (  '', ( #3379 ), #700 ) ;
#1892 = EDGE_LOOP ( 'NONE', ( #2773, #987, #1585, #1833 ) ) ;
#1893 = ORIENTED_EDGE ( 'NONE', *, *, #3286, .T. ) ;
#1894 = CARTESIAN_POINT ( 'NONE',  ( -6.349999999999999645, -6.350000000000000533, 0.5699999999999999512 ) ) ;
#1895 = DIRECTION ( 'NONE',  ( 3.469446951953611033E-15, 0.000000000000000000, 1.000000000000000000 ) ) ;
#1896 = LINE ( 'NONE', #1618, #1032 ) ;
#1897 = VERTEX_POINT ( 'NONE', #2523 ) ;
#1898 = DIRECTION ( 'NONE',  ( -0.000000000000000000, 0.000000000000000000, 1.000000000000000000 ) ) ;
#1899 = EDGE_LOOP ( 'NONE', ( #2876, #548, #2153, #2949 ) ) ;
#1900 = ADVANCED_FACE ( 'NONE', ( #1174 ), #1993, .F. ) ;
#1901 = VERTEX_POINT ( 'NONE', #2817 ) ;
#1902 = FILL_AREA_STYLE_COLOUR ( '', #1652 ) ;
#1903 = DIRECTION ( 'NONE',  ( 1.000000000000000000, 8.260587980841940012E-17, -0.000000000000000000 ) ) ;
#1904 = EDGE_CURVE ( 'NONE', #2412, #2008, #2089, .T. ) ;
#1905 = ORIENTED_EDGE ( 'NONE', *, *, #2569, .F. ) ;
#1906 = ADVANCED_FACE ( 'NONE', ( #219 ), #1760, .T. ) ;
#1907 = CARTESIAN_POINT ( 'NONE',  ( -1.127570259384924611E-14, 4.830000000000004512, 0.5699999999999999512 ) ) ;
#1908 = CARTESIAN_POINT ( 'NONE',  ( -6.349999999999999645, -6.350000000000000533, 0.5699999999999999512 ) ) ;
#1909 = LINE ( 'NONE', #1124, #2180 ) ;
#1910 = CIRCLE ( 'NONE', #2015, 0.2500000000000002220 ) ;
#1911 = CARTESIAN_POINT ( 'NONE',  ( -6.350000000000001421, 6.349999999999998757, 0.5699999999999999512 ) ) ;
#1912 = CARTESIAN_POINT ( 'NONE',  ( 4.589999999999998970, -6.349999999999999645, 0.000000000000000000 ) ) ;
#1913 = ORIENTED_EDGE ( 'NONE', *, *, #397, .T. ) ;
#1914 = AXIS2_PLACEMENT_3D ( 'NONE', #3233, #1107, #1061 ) ;
#1915 = FILL_AREA_STYLE ('',( #1937 ) ) ;
#1916 = ORIENTED_EDGE ( 'NONE', *, *, #3307, .F. ) ;
#1917 =( NAMED_UNIT ( * ) SI_UNIT ( $, .STERADIAN. ) SOLID_ANGLE_UNIT ( ) );
#1918 = DIRECTION ( 'NONE',  ( -1.000000000000000000, -6.829619984160658046E-17, 0.000000000000000000 ) ) ;
#1919 = VECTOR ( 'NONE', #1941, 1000.000000000000000 ) ;
#1920 = DIRECTION ( 'NONE',  ( -0.000000000000000000, 0.000000000000000000, 1.000000000000000000 ) ) ;
#1921 = ORIENTED_EDGE ( 'NONE', *, *, #2919, .F. ) ;
#1922 = PRODUCT_DEFINITION_CONTEXT ( 'detailed design', #3479, 'design' ) ;
#1923 = FILL_AREA_STYLE ('',( #812 ) ) ;
#1924 = ADVANCED_FACE ( 'NONE', ( #2934 ), #234, .F. ) ;
#1925 = AXIS2_PLACEMENT_3D ( 'NONE', #2694, #278, #2762 ) ;
#1926 = DIRECTION ( 'NONE',  ( 0.000000000000000000, -1.000000000000000000, 0.000000000000000000 ) ) ;
#1927 = FILL_AREA_STYLE ('',( #3002 ) ) ;
#1928 = CARTESIAN_POINT ( 'NONE',  ( -6.350000000000001421, 6.349999999999998757, 0.5699999999999999512 ) ) ;
#1929 = VECTOR ( 'NONE', #3048, 1000.000000000000000 ) ;
#1930 = DIRECTION ( 'NONE',  ( -0.000000000000000000, -0.000000000000000000, 1.000000000000000000 ) ) ;
#1931 =( GEOMETRIC_REPRESENTATION_CONTEXT ( 3 ) GLOBAL_UNCERTAINTY_ASSIGNED_CONTEXT ( ( #1180 ) ) GLOBAL_UNIT_ASSIGNED_CONTEXT ( ( #428, #922, #394 ) ) REPRESENTATION_CONTEXT ( 'NONE', 'WORKASPACE' ) );
#1932 = VECTOR ( 'NONE', #1052, 1000.000000000000000 ) ;
#1933 = CARTESIAN_POINT ( 'NONE',  ( -4.320000000000001172, 6.349999999999997868, 0.000000000000000000 ) ) ;
#1934 = ORIENTED_EDGE ( 'NONE', *, *, #3457, .F. ) ;
#1935 =( GEOMETRIC_REPRESENTATION_CONTEXT ( 3 ) GLOBAL_UNCERTAINTY_ASSIGNED_CONTEXT ( ( #2491 ) ) GLOBAL_UNIT_ASSIGNED_CONTEXT ( ( #2921, #3402, #1216 ) ) REPRESENTATION_CONTEXT ( 'NONE', 'WORKASPACE' ) );
#1936 = STYLED_ITEM ( 'NONE', ( #196 ), #2353 ) ;
#1937 = FILL_AREA_STYLE_COLOUR ( '', #1033 ) ;
#1938 = PRESENTATION_LAYER_ASSIGNMENT (  '', '', ( #35 ) ) ;
#1939 = AXIS2_PLACEMENT_3D ( 'NONE', #1063, #833, #2681 ) ;
#1940 = ORIENTED_EDGE ( 'NONE', *, *, #668, .T. ) ;
#1941 = DIRECTION ( 'NONE',  ( -0.000000000000000000, -0.000000000000000000, -1.000000000000000000 ) ) ;
#1942 = CARTESIAN_POINT ( 'NONE',  ( 1.649999999999998579, -6.350000000000000533, 0.000000000000000000 ) ) ;
#1943 = ORIENTED_EDGE ( 'NONE', *, *, #1799, .T. ) ;
#1944 = FILL_AREA_STYLE ('',( #1665 ) ) ;
#1945 = DIRECTION ( 'NONE',  ( 0.000000000000000000, -1.000000000000000000, 0.000000000000000000 ) ) ;
#1946 = EDGE_CURVE ( 'NONE', #538, #345, #2202, .T. ) ;
#1947 = LINE ( 'NONE', #341, #1346 ) ;
#1948 = LINE ( 'NONE', #66, #2664 ) ;
#1949 =( LENGTH_UNIT ( ) NAMED_UNIT ( * ) SI_UNIT ( .MILLI., .METRE. ) );
#1950 = PLANE ( 'NONE',  #1836 ) ;
#1951 = ORIENTED_EDGE ( 'NONE', *, *, #931, .T. ) ;
#1952 =( LENGTH_UNIT ( ) NAMED_UNIT ( * ) SI_UNIT ( .MILLI., .METRE. ) );
#1953 = CARTESIAN_POINT ( 'NONE',  ( 6.349999999999997868, 4.589999999999998082, 0.5699999999999999512 ) ) ;
#1954 = EDGE_LOOP ( 'NONE', ( #1100, #3472, #2231, #3126 ) ) ;
#1955 = PLANE ( 'NONE',  #2827 ) ;
#1956 = DIRECTION ( 'NONE',  ( 0.000000000000000000, 0.000000000000000000, -1.000000000000000000 ) ) ;
#1957 = CARTESIAN_POINT ( 'NONE',  ( 4.189999999999998614, -6.350000000000000533, 0.000000000000000000 ) ) ;
#1958 = ORIENTED_EDGE ( 'NONE', *, *, #2126, .F. ) ;
#1959 = UNCERTAINTY_MEASURE_WITH_UNIT (LENGTH_MEASURE( 1.000000000000000082E-05 ), #883, 'distance_accuracy_value', 'NONE');
#1960 = SURFACE_SIDE_STYLE ('',( #2805 ) ) ;
#1961 = UNCERTAINTY_MEASURE_WITH_UNIT (LENGTH_MEASURE( 1.000000000000000082E-05 ), #725, 'distance_accuracy_value', 'NONE');
#1962 = LINE ( 'NONE', #2222, #2484 ) ;
#1963 = DIRECTION ( 'NONE',  ( 1.000000000000000000, 6.829619984160658046E-17, 0.000000000000000000 ) ) ;
#1964 = FILL_AREA_STYLE_COLOUR ( '', #2723 ) ;
#1965 = EDGE_CURVE ( 'NONE', #2408, #958, #685, .T. ) ;
#1966 = DIRECTION ( 'NONE',  ( 0.000000000000000000, 0.000000000000000000, -1.000000000000000000 ) ) ;
#1967 = ORIENTED_EDGE ( 'NONE', *, *, #2066, .F. ) ;
#1968 = EDGE_CURVE ( 'NONE', #1676, #1663, #2322, .T. ) ;
#1969 = PRESENTATION_LAYER_ASSIGNMENT (  '', '', ( #3240 ) ) ;
#1970 = SURFACE_STYLE_FILL_AREA ( #94 ) ;
#1971 = EDGE_CURVE ( 'NONE', #3204, #2412, #1780, .T. ) ;
#1972 = EDGE_LOOP ( 'NONE', ( #2093, #1385, #3463 ) ) ;
#1973 = VECTOR ( 'NONE', #776, 1000.000000000000000 ) ;
#1974 = DIRECTION ( 'NONE',  ( 1.000000000000000000, 0.000000000000000000, 0.000000000000000000 ) ) ;
#1975 = VECTOR ( 'NONE', #3267, 1000.000000000000000 ) ;
#1976 = ORIENTED_EDGE ( 'NONE', *, *, #1817, .F. ) ;
#1977 = VECTOR ( 'NONE', #226, 1000.000000000000000 ) ;
#1978 = DIRECTION ( 'NONE',  ( -1.000000000000000000, 6.829619984160658046E-17, -0.000000000000000000 ) ) ;
#1979 = FACE_OUTER_BOUND ( 'NONE', #623, .T. ) ;
#1980 = PRESENTATION_LAYER_ASSIGNMENT (  '', '', ( #1122 ) ) ;
#1981 = DIRECTION ( 'NONE',  ( -1.000000000000000000, 0.000000000000000000, 0.000000000000000000 ) ) ;
#1982 = DIRECTION ( 'NONE',  ( 1.365923996832131609E-16, -1.000000000000000000, 0.000000000000000000 ) ) ;
#1983 = STYLED_ITEM ( 'NONE', ( #1597 ), #1393 ) ;
#1984 = FILL_AREA_STYLE ('',( #3317 ) ) ;
#1985 = CARTESIAN_POINT ( 'NONE',  ( -4.900000000000000355, -4.900000000000000355, 4.570000000000000284 ) ) ;
#1986 = VECTOR ( 'NONE', #2297, 1000.000000000000000 ) ;
#1987 = AXIS2_PLACEMENT_3D ( 'NONE', #1625, #513, #1193 ) ;
#1988 = STYLED_ITEM ( 'NONE', ( #2253 ), #3125 ) ;
#1989 = EDGE_CURVE ( 'NONE', #3393, #3283, #3119, .T. ) ;
#1990 = ORIENTED_EDGE ( 'NONE', *, *, #505, .T. ) ;
#1991 = CIRCLE ( 'NONE', #472, 0.3999999999999993006 ) ;
#1992 = LINE ( 'NONE', #732, #233 ) ;
#1993 = PLANE ( 'NONE',  #631 ) ;
#1994 = DIRECTION ( 'NONE',  ( -0.000000000000000000, 0.000000000000000000, 1.000000000000000000 ) ) ;
#1995 = EDGE_CURVE ( 'NONE', #1010, #483, #200, .T. ) ;
#1996 = VERTEX_POINT ( 'NONE', #1263 ) ;
#1997 =( LENGTH_UNIT ( ) NAMED_UNIT ( * ) SI_UNIT ( .MILLI., .METRE. ) );
#1998 = UNCERTAINTY_MEASURE_WITH_UNIT (LENGTH_MEASURE( 1.000000000000000082E-05 ), #1520, 'distance_accuracy_value', 'NONE');
#1999 = AXIS2_PLACEMENT_3D ( 'NONE', #2855, #3179, #3441 ) ;
#2000 = SURFACE_SIDE_STYLE ('',( #621 ) ) ;
#2001 = SURFACE_STYLE_FILL_AREA ( #2229 ) ;
#2002 = VERTEX_POINT ( 'NONE', #1297 ) ;
#2003 = EDGE_LOOP ( 'NONE', ( #674, #3423, #1628, #2761 ) ) ;
#2004 = CARTESIAN_POINT ( 'NONE',  ( 6.350000000000001421, -3.430000000000001492, 0.000000000000000000 ) ) ;
#2005 = LINE ( 'NONE', #2802, #1929 ) ;
#2006 =( NAMED_UNIT ( * ) SI_UNIT ( $, .STERADIAN. ) SOLID_ANGLE_UNIT ( ) );
#2007 = EDGE_CURVE ( 'NONE', #358, #3162, #689, .T. ) ;
#2008 = VERTEX_POINT ( 'NONE', #3415 ) ;
#2009 = EDGE_CURVE ( 'NONE', #3266, #2966, #2649, .T. ) ;
#2010 = CARTESIAN_POINT ( 'NONE',  ( 6.349999999999997868, 6.349999999999997868, 0.000000000000000000 ) ) ;
#2011 =( NAMED_UNIT ( * ) PLANE_ANGLE_UNIT ( ) SI_UNIT ( $, .RADIAN. ) );
#2012 = ORIENTED_EDGE ( 'NONE', *, *, #1645, .T. ) ;
#2013 = LINE ( 'NONE', #1813, #3206 ) ;
#2014 = LINE ( 'NONE', #2033, #1355 ) ;
#2015 = AXIS2_PLACEMENT_3D ( 'NONE', #831, #3352, #2787 ) ;
#2016 = CARTESIAN_POINT ( 'NONE',  ( -3.430000000000001492, -6.350000000000000533, 0.000000000000000000 ) ) ;
#2017 = SURFACE_STYLE_FILL_AREA ( #405 ) ;
#2018 = VECTOR ( 'NONE', #714, 1000.000000000000000 ) ;
#2019 = VERTEX_POINT ( 'NONE', #2628 ) ;
#2020 = CIRCLE ( 'NONE', #2307, 0.2500000000000002220 ) ;
#2021 = LINE ( 'NONE', #3108, #3009 ) ;
#2022 = ORIENTED_EDGE ( 'NONE', *, *, #456, .T. ) ;
#2023 = CIRCLE ( 'NONE', #2131, 0.3999999999999995226 ) ;
#2024 = EDGE_CURVE ( 'NONE', #3266, #1765, #1600, .T. ) ;
#2025 = CARTESIAN_POINT ( 'NONE',  ( -6.071532165918824830E-15, 6.349999999999998757, 0.5699999999999999512 ) ) ;
#2026 = CARTESIAN_POINT ( 'NONE',  ( 0.000000000000000000, 0.000000000000000000, 0.5699999999999999512 ) ) ;
#2027 = ORIENTED_EDGE ( 'NONE', *, *, #931, .F. ) ;
#2028 = PRESENTATION_LAYER_ASSIGNMENT (  '', '', ( #2135 ) ) ;
#2029 = FILL_AREA_STYLE_COLOUR ( '', #1133 ) ;
#2030 = VECTOR ( 'NONE', #3243, 1000.000000000000000 ) ;
#2031 = CARTESIAN_POINT ( 'NONE',  ( -4.045552277149491616, -4.014904153837738576, 4.570000000000000284 ) ) ;
#2032 = DIRECTION ( 'NONE',  ( 1.365923996832131856E-16, -1.000000000000000000, 0.000000000000000000 ) ) ;
#2033 = CARTESIAN_POINT ( 'NONE',  ( -1.650000000000001910, -4.830000000000000959, 0.5699999999999999512 ) ) ;
#2034 = DIRECTION ( 'NONE',  ( -1.365923996832131609E-16, 1.000000000000000000, 0.000000000000000000 ) ) ;
#2035 = CIRCLE ( 'NONE', #1823, 0.2500000000000002220 ) ;
#2036 = PRESENTATION_LAYER_ASSIGNMENT (  '', '', ( #2091 ) ) ;
#2037 = ORIENTED_EDGE ( 'NONE', *, *, #3334, .F. ) ;
#2038 = CIRCLE ( 'NONE', #1602, 0.3999999999999993006 ) ;
#2039 =( LENGTH_UNIT ( ) NAMED_UNIT ( * ) SI_UNIT ( .MILLI., .METRE. ) );
#2040 = FACE_OUTER_BOUND ( 'NONE', #852, .T. ) ;
#2041 = FACE_OUTER_BOUND ( 'NONE', #2538, .T. ) ;
#2042 = ORIENTED_EDGE ( 'NONE', *, *, #259, .T. ) ;
#2043 = EDGE_CURVE ( 'NONE', #3063, #3291, #436, .T. ) ;
#2044 = CARTESIAN_POINT ( 'NONE',  ( -6.350000000000001421, 6.349999999999998757, 0.000000000000000000 ) ) ;
#2045 = ORIENTED_EDGE ( 'NONE', *, *, #208, .T. ) ;
#2046 = LINE ( 'NONE', #3157, #2557 ) ;
#2047 = EDGE_CURVE ( 'NONE', #978, #330, #2587, .T. ) ;
#2048 = EDGE_CURVE ( 'NONE', #2475, #2436, #802, .T. ) ;
#2049 = DIRECTION ( 'NONE',  ( -1.000000000000000000, -1.365923996832131856E-16, 0.000000000000000000 ) ) ;
#2050 = SURFACE_STYLE_FILL_AREA ( #3118 ) ;
#2051 = DIRECTION ( 'NONE',  ( -0.000000000000000000, 0.000000000000000000, 1.000000000000000000 ) ) ;
#2052 = CARTESIAN_POINT ( 'NONE',  ( 2.539999999999983160, 3.809999999999986287, 0.5699999999999999512 ) ) ;
#2053 = CYLINDRICAL_SURFACE ( 'NONE', #3445, 0.4000000000000001887 ) ;
#2054 = VERTEX_POINT ( 'NONE', #1608 ) ;
#2055 = DIRECTION ( 'NONE',  ( -1.000000000000000000, -0.000000000000000000, -0.000000000000000000 ) ) ;
#2056 = FILL_AREA_STYLE_COLOUR ( '', #790 ) ;
#2057 = DIRECTION ( 'NONE',  ( 1.365923996832131609E-16, -1.000000000000000000, 0.000000000000000000 ) ) ;
#2058 = ORIENTED_EDGE ( 'NONE', *, *, #2159, .F. ) ;
#2059 = SURFACE_STYLE_USAGE ( .BOTH. , #3451 ) ;
#2060 = DIRECTION ( 'NONE',  ( 1.000000000000000000, 0.000000000000000000, 0.000000000000000000 ) ) ;
#2061 = CARTESIAN_POINT ( 'NONE',  ( -3.446188297110499121, -4.014904153837738576, 4.570000000000000284 ) ) ;
#2062 = ORIENTED_EDGE ( 'NONE', *, *, #626, .F. ) ;
#2063 = ADVANCED_FACE ( 'NONE', ( #546 ), #1320, .F. ) ;
#2064 = CARTESIAN_POINT ( 'NONE',  ( 0.000000000000000000, 0.000000000000000000, 0.5699999999999999512 ) ) ;
#2065 = FILL_AREA_STYLE_COLOUR ( '', #3411 ) ;
#2066 = EDGE_CURVE ( 'NONE', #3367, #184, #493, .T. ) ;
#2067 = DIRECTION ( 'NONE',  ( -1.000000000000000000, 0.000000000000000000, 0.000000000000000000 ) ) ;
#2068 = ADVANCED_BREP_SHAPE_REPRESENTATION ( 'RLM-23-1WL+', ( #177, #1393, #205 ), #2100 ) ;
#2069 = ORIENTED_EDGE ( 'NONE', *, *, #2823, .F. ) ;
#2070 = DIRECTION ( 'NONE',  ( -1.365923996832131856E-16, 1.000000000000000000, -0.000000000000000000 ) ) ;
#2071 = LINE ( 'NONE', #3185, #3145 ) ;
#2072 =( GEOMETRIC_REPRESENTATION_CONTEXT ( 3 ) GLOBAL_UNCERTAINTY_ASSIGNED_CONTEXT ( ( #1736 ) ) GLOBAL_UNIT_ASSIGNED_CONTEXT ( ( #647, #2831, #1711 ) ) REPRESENTATION_CONTEXT ( 'NONE', 'WORKASPACE' ) );
#2073 = LINE ( 'NONE', #1423, #3202 ) ;
#2074 = EDGE_LOOP ( 'NONE', ( #3455, #1562, #2069, #1581 ) ) ;
#2075 = CARTESIAN_POINT ( 'NONE',  ( 6.349999999999997868, 6.349999999999997868, 0.5699999999999999512 ) ) ;
#2076 = CARTESIAN_POINT ( 'NONE',  ( -5.950000000000001954, -0.8900000000000014566, 0.5699999999999999512 ) ) ;
#2077 = FILL_AREA_STYLE_COLOUR ( '', #2775 ) ;
#2078 =( NAMED_UNIT ( * ) SI_UNIT ( $, .STERADIAN. ) SOLID_ANGLE_UNIT ( ) );
#2079 = ORIENTED_EDGE ( 'NONE', *, *, #2926, .F. ) ;
#2080 = CARTESIAN_POINT ( 'NONE',  ( 0.000000000000000000, 0.000000000000000000, 0.5699999999999999512 ) ) ;
#2081 =( GEOMETRIC_REPRESENTATION_CONTEXT ( 3 ) GLOBAL_UNCERTAINTY_ASSIGNED_CONTEXT ( ( #1047 ) ) GLOBAL_UNIT_ASSIGNED_CONTEXT ( ( #3293, #554, #3017 ) ) REPRESENTATION_CONTEXT ( 'NONE', 'WORKASPACE' ) );
#2082 = ORIENTED_EDGE ( 'NONE', *, *, #2980, .F. ) ;
#2083 = LINE ( 'NONE', #1278, #1403 ) ;
#2084 = DIRECTION ( 'NONE',  ( 1.000000000000000000, 0.000000000000000000, 0.000000000000000000 ) ) ;
#2085 = CARTESIAN_POINT ( 'NONE',  ( -6.350000000000001421, -3.430000000000001492, 0.5699999999999999512 ) ) ;
#2086 = VECTOR ( 'NONE', #1978, 1000.000000000000000 ) ;
#2087 = EDGE_CURVE ( 'NONE', #781, #228, #1837, .T. ) ;
#2088 = VERTEX_POINT ( 'NONE', #1754 ) ;
#2089 = CIRCLE ( 'NONE', #2550, 0.5000000000000000000 ) ;
#2090 = PLANE ( 'NONE',  #3253 ) ;
#2091 = STYLED_ITEM ( 'NONE', ( #2469 ), #2063 ) ;
#2092 = EDGE_CURVE ( 'NONE', #1357, #3393, #193, .T. ) ;
#2093 = ORIENTED_EDGE ( 'NONE', *, *, #2823, .T. ) ;
#2094 = CYLINDRICAL_SURFACE ( 'NONE', #288, 0.3999999999999993006 ) ;
#2095 = COLOUR_RGB ( '',0.8431372549019607865, 0.8431372549019607865, 0.8431372549019607865 ) ;
#2096 = FILL_AREA_STYLE ('',( #1029 ) ) ;
#2097 = AXIS2_PLACEMENT_3D ( 'NONE', #3456, #2101, #1838 ) ;
#2098 = LINE ( 'NONE', #767, #1709 ) ;
#2099 = ORIENTED_EDGE ( 'NONE', *, *, #1849, .T. ) ;
#2100 =( GEOMETRIC_REPRESENTATION_CONTEXT ( 3 ) GLOBAL_UNCERTAINTY_ASSIGNED_CONTEXT ( ( #60 ) ) GLOBAL_UNIT_ASSIGNED_CONTEXT ( ( #3512, #1853, #2456 ) ) REPRESENTATION_CONTEXT ( 'NONE', 'WORKASPACE' ) );
#2101 = DIRECTION ( 'NONE',  ( 1.652117596168388002E-16, -1.000000000000000000, 0.000000000000000000 ) ) ;
#2102 = ORIENTED_EDGE ( 'NONE', *, *, #1791, .F. ) ;
#2103 = FILL_AREA_STYLE ('',( #315 ) ) ;
#2104 = DIRECTION ( 'NONE',  ( 1.000000000000000000, 1.365923996832131609E-16, -0.000000000000000000 ) ) ;
#2105 = CARTESIAN_POINT ( 'NONE',  ( 3.789999999999997815, -6.349999999999999645, 0.5699999999999999512 ) ) ;
#2106 = ORIENTED_EDGE ( 'NONE', *, *, #1689, .F. ) ;
#2107 = CARTESIAN_POINT ( 'NONE',  ( -6.350000000000001421, 6.349999999999998757, 0.5699999999999999512 ) ) ;
#2108 = EDGE_CURVE ( 'NONE', #370, #1067, #2905, .T. ) ;
#2109 = CYLINDRICAL_SURFACE ( 'NONE', #1198, 0.3999999999999995226 ) ;
#2110 = ORIENTED_EDGE ( 'NONE', *, *, #887, .F. ) ;
#2111 = FILL_AREA_STYLE_COLOUR ( '', #1348 ) ;
#2112 = FILL_AREA_STYLE ('',( #2657 ) ) ;
#2113 = EDGE_CURVE ( 'NONE', #2169, #932, #1311, .T. ) ;
#2114 = ADVANCED_FACE ( 'NONE', ( #3431 ), #1775, .T. ) ;
#2115 = VERTEX_POINT ( 'NONE', #3494 ) ;
#2116 = CARTESIAN_POINT ( 'NONE',  ( 3.699999999999998845, 6.349999999999997868, 0.000000000000000000 ) ) ;
#2117 = DIRECTION ( 'NONE',  ( 0.000000000000000000, 0.000000000000000000, 1.000000000000000000 ) ) ;
#2118 = ORIENTED_EDGE ( 'NONE', *, *, #1442, .T. ) ;
#2119 =( NAMED_UNIT ( * ) PLANE_ANGLE_UNIT ( ) SI_UNIT ( $, .RADIAN. ) );
#2120 = EDGE_LOOP ( 'NONE', ( #3058, #1850, #224, #1465 ) ) ;
#2121 = DIRECTION ( 'NONE',  ( 0.000000000000000000, 0.000000000000000000, -1.000000000000000000 ) ) ;
#2122 = DIRECTION ( 'NONE',  ( 1.000000000000000000, 0.000000000000000000, 0.000000000000000000 ) ) ;
#2123 = ORIENTED_EDGE ( 'NONE', *, *, #1213, .F. ) ;
#2124 = LINE ( 'NONE', #2747, #1700 ) ;
#2125 = DIRECTION ( 'NONE',  ( 0.000000000000000000, 0.000000000000000000, -1.000000000000000000 ) ) ;
#2126 = EDGE_CURVE ( 'NONE', #269, #370, #1418, .T. ) ;
#2127 = STYLED_ITEM ( 'NONE', ( #581 ), #359 ) ;
#2128 = ORIENTED_EDGE ( 'NONE', *, *, #1965, .T. ) ;
#2129 = CARTESIAN_POINT ( 'NONE',  ( -5.000000000000000888, 5.000000000000000000, 4.320000000000000284 ) ) ;
#2130 = ORIENTED_EDGE ( 'NONE', *, *, #1275, .T. ) ;
#2131 = AXIS2_PLACEMENT_3D ( 'NONE', #279, #2424, #1073 ) ;
#2132 = DIRECTION ( 'NONE',  ( 0.000000000000000000, 0.000000000000000000, -1.000000000000000000 ) ) ;
#2133 = LINE ( 'NONE', #822, #476 ) ;
#2134 = ORIENTED_EDGE ( 'NONE', *, *, #2755, .F. ) ;
#2135 = STYLED_ITEM ( 'NONE', ( #2280 ), #1342 ) ;
#2136 = CARTESIAN_POINT ( 'NONE',  ( -3.830000000000002292, -6.350000000000000533, 0.000000000000000000 ) ) ;
#2137 = PLANE ( 'NONE',  #534 ) ;
#2138 = VECTOR ( 'NONE', #917, 1000.000000000000000 ) ;
#2139 = ORIENTED_EDGE ( 'NONE', *, *, #432, .F. ) ;
#2140 = COLOUR_RGB ( '',0.8431372549019607865, 0.8431372549019607865, 0.8431372549019607865 ) ;
#2141 = DIRECTION ( 'NONE',  ( -1.000000000000000000, -6.829619984160658046E-17, 0.000000000000000000 ) ) ;
#2142 = VECTOR ( 'NONE', #420, 1000.000000000000000 ) ;
#2143 = FILL_AREA_STYLE ('',( #793 ) ) ;
#2144 = SURFACE_SIDE_STYLE ('',( #2928 ) ) ;
#2145 = AXIS2_PLACEMENT_3D ( 'NONE', #618, #1945, #1414 ) ;
#2146 = MECHANICAL_DESIGN_GEOMETRIC_PRESENTATION_REPRESENTATION (  '', ( #2915 ), #29 ) ;
#2147 = ORIENTED_EDGE ( 'NONE', *, *, #235, .F. ) ;
#2148 = COLOUR_RGB ( '',0.8431372549019607865, 0.8431372549019607865, 0.8431372549019607865 ) ;
#2149 = EDGE_CURVE ( 'NONE', #1615, #704, #1701, .T. ) ;
#2150 = MECHANICAL_DESIGN_GEOMETRIC_PRESENTATION_REPRESENTATION (  '', ( #3312 ), #3082 ) ;
#2151 = CARTESIAN_POINT ( 'NONE',  ( -1.650000000000002132, -6.350000000000000533, 0.5699999999999999512 ) ) ;
#2152 = LINE ( 'NONE', #3268, #3025 ) ;
#2153 = ORIENTED_EDGE ( 'NONE', *, *, #2468, .F. ) ;
#2154 = VECTOR ( 'NONE', #2532, 1000.000000000000000 ) ;
#2155 = EDGE_CURVE ( 'NONE', #600, #1051, #263, .T. ) ;
#2156 = CARTESIAN_POINT ( 'NONE',  ( -6.350000000000002309, 1.649999999999998579, 0.000000000000000000 ) ) ;
#2157 = CARTESIAN_POINT ( 'NONE',  ( -6.350000000000001421, 6.349999999999998757, 0.5699999999999999512 ) ) ;
#2158 = CARTESIAN_POINT ( 'NONE',  ( 6.349999999999999645, -3.030000000000002469, 0.000000000000000000 ) ) ;
#2159 = EDGE_CURVE ( 'NONE', #3247, #1260, #690, .T. ) ;
#2160 = ORIENTED_EDGE ( 'NONE', *, *, #1060, .F. ) ;
#2161 = PLANE ( 'NONE',  #2788 ) ;
#2162 = CARTESIAN_POINT ( 'NONE',  ( -6.350000000000000533, -0.4900000000000019340, 0.000000000000000000 ) ) ;
#2163 = ORIENTED_EDGE ( 'NONE', *, *, #3064, .F. ) ;
#2164 = DIRECTION ( 'NONE',  ( 1.000000000000000000, -0.000000000000000000, 0.000000000000000000 ) ) ;
#2165 = CARTESIAN_POINT ( 'NONE',  ( 1.649999999999998579, -6.350000000000000533, 0.000000000000000000 ) ) ;
#2166 = LINE ( 'NONE', #311, #746 ) ;
#2167 = DIRECTION ( 'NONE',  ( 1.000000000000000000, 0.000000000000000000, 0.000000000000000000 ) ) ;
#2168 = FACE_OUTER_BOUND ( 'NONE', #2440, .T. ) ;
#2169 = VERTEX_POINT ( 'NONE', #3034 ) ;
#2170 = SURFACE_STYLE_USAGE ( .BOTH. , #874 ) ;
#2171 = EDGE_CURVE ( 'NONE', #113, #2826, #3049, .T. ) ;
#2172 = ORIENTED_EDGE ( 'NONE', *, *, #3404, .T. ) ;
#2173 = DIRECTION ( 'NONE',  ( 1.365923996832131856E-16, -1.000000000000000000, 0.000000000000000000 ) ) ;
#2174 = LINE ( 'NONE', #2405, #1703 ) ;
#2175 = PLANE ( 'NONE',  #1088 ) ;
#2176 = ORIENTED_EDGE ( 'NONE', *, *, #2875, .T. ) ;
#2177 = DIRECTION ( 'NONE',  ( -1.365923996832131856E-16, 1.000000000000000000, -0.000000000000000000 ) ) ;
#2178 = CARTESIAN_POINT ( 'NONE',  ( 5.000000000000000888, -5.000000000000000000, 4.570000000000000284 ) ) ;
#2179 = ORIENTED_EDGE ( 'NONE', *, *, #350, .T. ) ;
#2180 = VECTOR ( 'NONE', #2167, 1000.000000000000000 ) ;
#2181 = CARTESIAN_POINT ( 'NONE',  ( 5.000000000000000888, -5.000000000000000000, 0.5700000000000001732 ) ) ;
#2182 = VECTOR ( 'NONE', #2909, 1000.000000000000000 ) ;
#2183 = VERTEX_POINT ( 'NONE', #2052 ) ;
#2184 = STYLED_ITEM ( 'NONE', ( #3151 ), #867 ) ;
#2185 = FILL_AREA_STYLE_COLOUR ( '', #1658 ) ;
#2186 = CARTESIAN_POINT ( 'NONE',  ( -6.350000000000002309, 1.649999999999998579, 0.000000000000000000 ) ) ;
#2187 = STYLED_ITEM ( 'NONE', ( #1145 ), #1079 ) ;
#2188 = ORIENTED_EDGE ( 'NONE', *, *, #2710, .F. ) ;
#2189 = DIRECTION ( 'NONE',  ( 0.000000000000000000, 0.000000000000000000, 1.000000000000000000 ) ) ;
#2190 = SURFACE_SIDE_STYLE ('',( #3101 ) ) ;
#2191 = FILL_AREA_STYLE ('',( #1431 ) ) ;
#2192 = EDGE_CURVE ( 'NONE', #596, #781, #635, .T. ) ;
#2193 = ORIENTED_EDGE ( 'NONE', *, *, #438, .T. ) ;
#2194 = VECTOR ( 'NONE', #763, 1000.000000000000000 ) ;
#2195 = PRESENTATION_STYLE_ASSIGNMENT (( #503 ) ) ;
#2196 = UNCERTAINTY_MEASURE_WITH_UNIT (LENGTH_MEASURE( 1.000000000000000082E-05 ), #2375, 'distance_accuracy_value', 'NONE');
#2197 = EDGE_CURVE ( 'NONE', #781, #2334, #83, .T. ) ;
#2198 = COLOUR_RGB ( '',0.8627450980392157298, 0.5882352941176470784, 0.06274509803921568540 ) ;
#2199 = SURFACE_SIDE_STYLE ('',( #1121 ) ) ;
#2200 = DIRECTION ( 'NONE',  ( -1.000000000000000000, 0.000000000000000000, 0.000000000000000000 ) ) ;
#2201 = CARTESIAN_POINT ( 'NONE',  ( 6.349999999999999645, -3.830000000000000959, 0.000000000000000000 ) ) ;
#2202 = CIRCLE ( 'NONE', #357, 0.2500000000000002220 ) ;
#2203 = CARTESIAN_POINT ( 'NONE',  ( -6.349999999999999645, -3.030000000000002469, 0.000000000000000000 ) ) ;
#2204 = FACE_OUTER_BOUND ( 'NONE', #1345, .T. ) ;
#2205 =( GEOMETRIC_REPRESENTATION_CONTEXT ( 3 ) GLOBAL_UNCERTAINTY_ASSIGNED_CONTEXT ( ( #2784 ) ) GLOBAL_UNIT_ASSIGNED_CONTEXT ( ( #2497, #569, #2445 ) ) REPRESENTATION_CONTEXT ( 'NONE', 'WORKASPACE' ) );
#2206 = VECTOR ( 'NONE', #885, 1000.000000000000000 ) ;
#2207 = PRESENTATION_STYLE_ASSIGNMENT (( #3057 ) ) ;
#2208 = VERTEX_POINT ( 'NONE', #43 ) ;
#2209 = ORIENTED_EDGE ( 'NONE', *, *, #3091, .T. ) ;
#2210 = AXIS2_PLACEMENT_3D ( 'NONE', #1942, #2818, #3103 ) ;
#2211 = PRESENTATION_LAYER_ASSIGNMENT (  '', '', ( #1886 ) ) ;
#2212 = VERTEX_POINT ( 'NONE', #2684 ) ;
#2213 = DIRECTION ( 'NONE',  ( 1.000000000000000000, 1.365923996832131609E-16, -0.000000000000000000 ) ) ;
#2214 = CARTESIAN_POINT ( 'NONE',  ( 0.8899999999999984590, -6.349999999999999645, 0.5699999999999999512 ) ) ;
#2215 = VECTOR ( 'NONE', #2132, 1000.000000000000000 ) ;
#2216 =( NAMED_UNIT ( * ) SI_UNIT ( $, .STERADIAN. ) SOLID_ANGLE_UNIT ( ) );
#2217 = DIRECTION ( 'NONE',  ( 1.000000000000000000, 0.000000000000000000, 0.000000000000000000 ) ) ;
#2218 = ORIENTED_EDGE ( 'NONE', *, *, #1989, .F. ) ;
#2219 = EDGE_CURVE ( 'NONE', #2903, #2436, #3299, .T. ) ;
#2220 = DIRECTION ( 'NONE',  ( 1.000000000000000000, 0.000000000000000000, 0.000000000000000000 ) ) ;
#2221 = DIRECTION ( 'NONE',  ( 1.000000000000000000, 6.829619984160658046E-17, 0.000000000000000000 ) ) ;
#2222 = CARTESIAN_POINT ( 'NONE',  ( 6.349999999999997868, 6.349999999999997868, 0.000000000000000000 ) ) ;
#2223 = CARTESIAN_POINT ( 'NONE',  ( 1.159999999999999032, 6.349999999999997868, 0.000000000000000000 ) ) ;
#2224 = ADVANCED_FACE ( 'NONE', ( #54 ), #1098, .T. ) ;
#2225 = DIRECTION ( 'NONE',  ( -1.000000000000000000, 6.829619984160658046E-17, -0.000000000000000000 ) ) ;
#2226 = FACE_OUTER_BOUND ( 'NONE', #59, .T. ) ;
#2227 = EDGE_CURVE ( 'NONE', #1434, #3224, #1991, .T. ) ;
#2228 = CARTESIAN_POINT ( 'NONE',  ( -6.350000000000001421, 6.349999999999998757, 0.5699999999999999512 ) ) ;
#2229 = FILL_AREA_STYLE ('',( #3026 ) ) ;
#2230 = DIRECTION ( 'NONE',  ( -1.000000000000000000, -1.365923996832131856E-16, 0.000000000000000000 ) ) ;
#2231 = ORIENTED_EDGE ( 'NONE', *, *, #626, .T. ) ;
#2232 = ORIENTED_EDGE ( 'NONE', *, *, #1645, .F. ) ;
#2233 = CARTESIAN_POINT ( 'NONE',  ( -6.349999999999999645, -3.030000000000002469, 0.000000000000000000 ) ) ;
#2234 =( NAMED_UNIT ( * ) SI_UNIT ( $, .STERADIAN. ) SOLID_ANGLE_UNIT ( ) );
#2235 = ORIENTED_EDGE ( 'NONE', *, *, #3307, .T. ) ;
#2236 = FILL_AREA_STYLE_COLOUR ( '', #531 ) ;
#2237 = UNCERTAINTY_MEASURE_WITH_UNIT (LENGTH_MEASURE( 1.000000000000000082E-05 ), #431, 'distance_accuracy_value', 'NONE');
#2238 = PLANE ( 'NONE',  #1697 ) ;
#2239 = CARTESIAN_POINT ( 'NONE',  ( -6.350000000000001421, -3.430000000000001492, 0.000000000000000000 ) ) ;
#2240 = ORIENTED_EDGE ( 'NONE', *, *, #2066, .T. ) ;
#2241 = DIRECTION ( 'NONE',  ( 0.000000000000000000, 0.000000000000000000, 1.000000000000000000 ) ) ;
#2242 = EDGE_CURVE ( 'NONE', #3291, #2208, #3376, .T. ) ;
#2243 = VECTOR ( 'NONE', #877, 1000.000000000000000 ) ;
#2244 = PRESENTATION_STYLE_ASSIGNMENT (( #2520 ) ) ;
#2245 = ORIENTED_EDGE ( 'NONE', *, *, #1650, .T. ) ;
#2246 = VECTOR ( 'NONE', #1077, 1000.000000000000000 ) ;
#2247 = DIRECTION ( 'NONE',  ( 1.000000000000000000, 0.000000000000000000, 0.000000000000000000 ) ) ;
#2248 = FACE_OUTER_BOUND ( 'NONE', #2003, .T. ) ;
#2249 = SURFACE_STYLE_FILL_AREA ( #373 ) ;
#2250 = CARTESIAN_POINT ( 'NONE',  ( 6.349999999999998757, 2.049999999999998046, 0.000000000000000000 ) ) ;
#2251 = ORIENTED_EDGE ( 'NONE', *, *, #3249, .F. ) ;
#2252 = CARTESIAN_POINT ( 'NONE',  ( 4.999999999999999112, 5.250000000000000000, 4.570000000000000284 ) ) ;
#2253 = PRESENTATION_STYLE_ASSIGNMENT (( #1179 ) ) ;
#2254 = LINE ( 'NONE', #1412, #398 ) ;
#2255 =( GEOMETRIC_REPRESENTATION_CONTEXT ( 3 ) GLOBAL_UNCERTAINTY_ASSIGNED_CONTEXT ( ( #448 ) ) GLOBAL_UNIT_ASSIGNED_CONTEXT ( ( #444, #1528, #465 ) ) REPRESENTATION_CONTEXT ( 'NONE', 'WORKASPACE' ) );
#2256 = CARTESIAN_POINT ( 'NONE',  ( -6.350000000000001421, 6.349999999999998757, 0.000000000000000000 ) ) ;
#2257 = LINE ( 'NONE', #669, #1110 ) ;
#2258 = DIRECTION ( 'NONE',  ( 0.000000000000000000, -0.000000000000000000, -1.000000000000000000 ) ) ;
#2259 = CYLINDRICAL_SURFACE ( 'NONE', #1375, 0.3999999999999993006 ) ;
#2260 = AXIS2_PLACEMENT_3D ( 'NONE', #2631, #988, #3420 ) ;
#2261 = ORIENTED_EDGE ( 'NONE', *, *, #491, .T. ) ;
#2262 = MECHANICAL_DESIGN_GEOMETRIC_PRESENTATION_REPRESENTATION (  '', ( #1489 ), #1365 ) ;
#2263 = MECHANICAL_DESIGN_GEOMETRIC_PRESENTATION_REPRESENTATION (  '', ( #1759 ), #3303 ) ;
#2264 = CARTESIAN_POINT ( 'NONE',  ( 6.350000000000000533, 1.649999999999998579, 0.000000000000000000 ) ) ;
#2265 = MECHANICAL_DESIGN_GEOMETRIC_PRESENTATION_REPRESENTATION (  '', ( #1257 ), #1935 ) ;
#2266 = VERTEX_POINT ( 'NONE', #3378 ) ;
#2267 = CIRCLE ( 'NONE', #749, 0.3999999999999995226 ) ;
#2268 = CARTESIAN_POINT ( 'NONE',  ( -4.320000000000001172, 6.349999999999997868, 0.000000000000000000 ) ) ;
#2269 = EDGE_CURVE ( 'NONE', #978, #1067, #2267, .T. ) ;
#2270 = CARTESIAN_POINT ( 'NONE',  ( -5.950000000000002842, 4.189999999999998614, 0.000000000000000000 ) ) ;
#2271 = CARTESIAN_POINT ( 'NONE',  ( -4.999999999999999112, -5.250000000000000000, 4.570000000000000284 ) ) ;
#2272 = LINE ( 'NONE', #1675, #2561 ) ;
#2273 = EDGE_CURVE ( 'NONE', #1874, #2903, #2828, .T. ) ;
#2274 =( GEOMETRIC_REPRESENTATION_CONTEXT ( 3 ) GLOBAL_UNCERTAINTY_ASSIGNED_CONTEXT ( ( #1472 ) ) GLOBAL_UNIT_ASSIGNED_CONTEXT ( ( #1724, #2537, #2374 ) ) REPRESENTATION_CONTEXT ( 'NONE', 'WORKASPACE' ) );
#2275 = VERTEX_POINT ( 'NONE', #1130 ) ;
#2276 = AXIS2_PLACEMENT_3D ( 'NONE', #2157, #1099, #1890 ) ;
#2277 =( NAMED_UNIT ( * ) PLANE_ANGLE_UNIT ( ) SI_UNIT ( $, .RADIAN. ) );
#2278 = SURFACE_STYLE_USAGE ( .BOTH. , #135 ) ;
#2279 = LINE ( 'NONE', #2294, #2651 ) ;
#2280 = PRESENTATION_STYLE_ASSIGNMENT (( #1772 ) ) ;
#2281 = LINE ( 'NONE', #1203, #237 ) ;
#2282 = DIRECTION ( 'NONE',  ( -1.000000000000000000, -3.469446951953610639E-15, 0.000000000000000000 ) ) ;
#2283 = ORIENTED_EDGE ( 'NONE', *, *, #841, .T. ) ;
#2284 = CARTESIAN_POINT ( 'NONE',  ( -6.350000000000001421, 6.349999999999998757, 0.5699999999999999512 ) ) ;
#2285 = DIRECTION ( 'NONE',  ( 1.000000000000000000, 0.000000000000000000, 0.000000000000000000 ) ) ;
#2286 = ORIENTED_EDGE ( 'NONE', *, *, #911, .F. ) ;
#2287 = CARTESIAN_POINT ( 'NONE',  ( 1.004999999999999449, 6.350999999999999979, 0.5699999999999999512 ) ) ;
#2288 = CARTESIAN_POINT ( 'NONE',  ( -3.920000000000001705, 6.349999999999998757, 0.5699999999999999512 ) ) ;
#2289 = CARTESIAN_POINT ( 'NONE',  ( -1.290000000000001812, -6.350000000000000533, 0.000000000000000000 ) ) ;
#2290 = EDGE_CURVE ( 'NONE', #3162, #1449, #3322, .T. ) ;
#2291 = VERTEX_POINT ( 'NONE', #1953 ) ;
#2292 = LINE ( 'NONE', #2525, #2138 ) ;
#2293 = ORIENTED_EDGE ( 'NONE', *, *, #2227, .T. ) ;
#2294 = CARTESIAN_POINT ( 'NONE',  ( -6.350000000000000533, 2.049999999999998046, 0.000000000000000000 ) ) ;
#2295 = DIRECTION ( 'NONE',  ( 1.000000000000000000, 0.000000000000000000, 0.000000000000000000 ) ) ;
#2296 = CARTESIAN_POINT ( 'NONE',  ( -5.250000000000000888, 4.900000000000000355, 1.779999999999999805 ) ) ;
#2297 = DIRECTION ( 'NONE',  ( -6.488138984952628053E-15, -1.000000000000000000, -0.000000000000000000 ) ) ;
#2298 = ORIENTED_EDGE ( 'NONE', *, *, #332, .T. ) ;
#2299 = CARTESIAN_POINT ( 'NONE',  ( 4.900000000000001243, -4.900000000000000355, 4.570000000000000284 ) ) ;
#2300 = CARTESIAN_POINT ( 'NONE',  ( 6.349999999999997868, 6.349999999999997868, 0.5699999999999999512 ) ) ;
#2301 = FACE_OUTER_BOUND ( 'NONE', #683, .T. ) ;
#2302 = CARTESIAN_POINT ( 'NONE',  ( -2.805000000000000604, -5.250000000000000000, 0.000000000000000000 ) ) ;
#2303 =( LENGTH_UNIT ( ) NAMED_UNIT ( * ) SI_UNIT ( .MILLI., .METRE. ) );
#2304 = ORIENTED_EDGE ( 'NONE', *, *, #1627, .T. ) ;
#2305 = LINE ( 'NONE', #2918, #302 ) ;
#2306 = EDGE_CURVE ( 'NONE', #1901, #3255, #3018, .T. ) ;
#2307 = AXIS2_PLACEMENT_3D ( 'NONE', #2181, #2258, #324 ) ;
#2308 = DIRECTION ( 'NONE',  ( 1.000000000000000000, 0.000000000000000000, 0.000000000000000000 ) ) ;
#2309 = VERTEX_POINT ( 'NONE', #939 ) ;
#2310 = AXIS2_PLACEMENT_3D ( 'NONE', #3052, #2808, #62 ) ;
#2311 = DIRECTION ( 'NONE',  ( 0.000000000000000000, 0.000000000000000000, 1.000000000000000000 ) ) ;
#2312 = SURFACE_STYLE_USAGE ( .BOTH. , #3406 ) ;
#2313 = ADVANCED_FACE ( 'NONE', ( #1170 ), #3116, .F. ) ;
#2314 = MECHANICAL_DESIGN_GEOMETRIC_PRESENTATION_REPRESENTATION (  '', ( #17 ), #2837 ) ;
#2315 = PLANE ( 'NONE',  #1744 ) ;
#2316 = DIRECTION ( 'NONE',  ( -1.000000000000000000, -6.829619984160658046E-17, 0.000000000000000000 ) ) ;
#2317 = ORIENTED_EDGE ( 'NONE', *, *, #3458, .T. ) ;
#2318 = UNCERTAINTY_MEASURE_WITH_UNIT (LENGTH_MEASURE( 1.000000000000000082E-05 ), #1201, 'distance_accuracy_value', 'NONE');
#2319 =( NAMED_UNIT ( * ) SI_UNIT ( $, .STERADIAN. ) SOLID_ANGLE_UNIT ( ) );
#2320 =( GEOMETRIC_REPRESENTATION_CONTEXT ( 3 ) GLOBAL_UNCERTAINTY_ASSIGNED_CONTEXT ( ( #2904 ) ) GLOBAL_UNIT_ASSIGNED_CONTEXT ( ( #2039, #3147, #705 ) ) REPRESENTATION_CONTEXT ( 'NONE', 'WORKASPACE' ) );
#2321 =( NAMED_UNIT ( * ) SI_UNIT ( $, .STERADIAN. ) SOLID_ANGLE_UNIT ( ) );
#2322 = CIRCLE ( 'NONE', #1706, 0.3999999999999993006 ) ;
#2323 =( NAMED_UNIT ( * ) PLANE_ANGLE_UNIT ( ) SI_UNIT ( $, .RADIAN. ) );
#2324 = SURFACE_STYLE_FILL_AREA ( #1242 ) ;
#2325 =( NAMED_UNIT ( * ) SI_UNIT ( $, .STERADIAN. ) SOLID_ANGLE_UNIT ( ) );
#2326 = ORIENTED_EDGE ( 'NONE', *, *, #3518, .F. ) ;
#2327 = SURFACE_STYLE_FILL_AREA ( #222 ) ;
#2328 = AXIS2_PLACEMENT_3D ( 'NONE', #24, #2382, #2418 ) ;
#2329 = PRESENTATION_STYLE_ASSIGNMENT (( #3148 ) ) ;
#2330 = CARTESIAN_POINT ( 'NONE',  ( -6.350000000000001421, 6.349999999999998757, 0.5699999999999999512 ) ) ;
#2331 = DIRECTION ( 'NONE',  ( 0.000000000000000000, 0.000000000000000000, -1.000000000000000000 ) ) ;
#2332 = ADVANCED_FACE ( 'NONE', ( #2774 ), #1425, .T. ) ;
#2333 = VECTOR ( 'NONE', #2645, 1000.000000000000000 ) ;
#2334 = VERTEX_POINT ( 'NONE', #1261 ) ;
#2335 = LINE ( 'NONE', #137, #3055 ) ;
#2336 = VECTOR ( 'NONE', #2685, 1000.000000000000000 ) ;
#2337 = LINE ( 'NONE', #1529, #172 ) ;
#2338 = EDGE_CURVE ( 'NONE', #1186, #429, #1012, .T. ) ;
#2339 = VERTEX_POINT ( 'NONE', #2849 ) ;
#2340 = CARTESIAN_POINT ( 'NONE',  ( -5.950000000000002842, 1.649999999999998579, 0.000000000000000000 ) ) ;
#2341 = CYLINDRICAL_SURFACE ( 'NONE', #1199, 0.2500000000000002220 ) ;
#2342 = CARTESIAN_POINT ( 'NONE',  ( -4.644916257188484998, -4.014904153837738576, 4.570000000000000284 ) ) ;
#2343 = SURFACE_SIDE_STYLE ('',( #2050 ) ) ;
#2344 = DIRECTION ( 'NONE',  ( 1.000000000000000000, 6.829619984160658046E-17, 0.000000000000000000 ) ) ;
#2345 = FILL_AREA_STYLE ('',( #2358 ) ) ;
#2346 = VERTEX_POINT ( 'NONE', #1533 ) ;
#2347 = LINE ( 'NONE', #485, #3370 ) ;
#2348 = DIRECTION ( 'NONE',  ( -0.000000000000000000, 0.000000000000000000, 1.000000000000000000 ) ) ;
#2349 = VERTEX_POINT ( 'NONE', #417 ) ;
#2350 =( LENGTH_UNIT ( ) NAMED_UNIT ( * ) SI_UNIT ( .MILLI., .METRE. ) );
#2351 = ORIENTED_EDGE ( 'NONE', *, *, #1055, .T. ) ;
#2352 = UNCERTAINTY_MEASURE_WITH_UNIT (LENGTH_MEASURE( 1.000000000000000082E-05 ), #1795, 'distance_accuracy_value', 'NONE');
#2353 = ADVANCED_FACE ( 'NONE', ( #1221 ), #3171, .F. ) ;
#2354 = DIRECTION ( 'NONE',  ( 1.000000000000000000, 0.000000000000000000, 0.000000000000000000 ) ) ;
#2355 = CARTESIAN_POINT ( 'NONE',  ( 6.350000000000001421, -0.8900000000000014566, 0.000000000000000000 ) ) ;
#2356 = DIRECTION ( 'NONE',  ( -8.260587980841940012E-17, 1.000000000000000000, 0.000000000000000000 ) ) ;
#2357 = EDGE_CURVE ( 'NONE', #2466, #3104, #2643, .T. ) ;
#2358 = FILL_AREA_STYLE_COLOUR ( '', #1834 ) ;
#2359 = ORIENTED_EDGE ( 'NONE', *, *, #604, .F. ) ;
#2360 =( GEOMETRIC_REPRESENTATION_CONTEXT ( 3 ) GLOBAL_UNCERTAINTY_ASSIGNED_CONTEXT ( ( #924 ) ) GLOBAL_UNIT_ASSIGNED_CONTEXT ( ( #166, #2547, #1730 ) ) REPRESENTATION_CONTEXT ( 'NONE', 'WORKASPACE' ) );
#2361 = PLANE ( 'NONE',  #353 ) ;
#2362 = DIRECTION ( 'NONE',  ( 0.000000000000000000, 1.000000000000000000, 0.000000000000000000 ) ) ;
#2363 =( GEOMETRIC_REPRESENTATION_CONTEXT ( 3 ) GLOBAL_UNCERTAINTY_ASSIGNED_CONTEXT ( ( #192 ) ) GLOBAL_UNIT_ASSIGNED_CONTEXT ( ( #3127, #2864, #1804 ) ) REPRESENTATION_CONTEXT ( 'NONE', 'WORKASPACE' ) );
#2364 = SURFACE_STYLE_USAGE ( .BOTH. , #1285 ) ;
#2365 = VERTEX_POINT ( 'NONE', #1777 ) ;
#2366 = DIRECTION ( 'NONE',  ( -0.000000000000000000, 0.000000000000000000, 1.000000000000000000 ) ) ;
#2367 = VECTOR ( 'NONE', #2680, 1000.000000000000000 ) ;
#2368 = FACE_OUTER_BOUND ( 'NONE', #2457, .T. ) ;
#2369 =( NAMED_UNIT ( * ) PLANE_ANGLE_UNIT ( ) SI_UNIT ( $, .RADIAN. ) );
#2370 = PRESENTATION_LAYER_ASSIGNMENT (  '', '', ( #2187 ) ) ;
#2371 = CARTESIAN_POINT ( 'NONE',  ( -4.900000000000001243, 5.250000000000000000, 0.5700000000000001732 ) ) ;
#2372 = EDGE_LOOP ( 'NONE', ( #2793, #3358, #950, #290 ) ) ;
#2373 = DIRECTION ( 'NONE',  ( 1.000000000000000000, 0.000000000000000000, 0.000000000000000000 ) ) ;
#2374 =( NAMED_UNIT ( * ) SI_UNIT ( $, .STERADIAN. ) SOLID_ANGLE_UNIT ( ) );
#2375 =( LENGTH_UNIT ( ) NAMED_UNIT ( * ) SI_UNIT ( .MILLI., .METRE. ) );
#2376 = PRESENTATION_LAYER_ASSIGNMENT (  '', '', ( #2437 ) ) ;
#2377 = EDGE_CURVE ( 'NONE', #932, #21, #585, .T. ) ;
#2378 = ORIENTED_EDGE ( 'NONE', *, *, #2092, .T. ) ;
#2379 = CARTESIAN_POINT ( 'NONE',  ( 3.699999999999998845, 6.349999999999997868, 0.000000000000000000 ) ) ;
#2380 =( GEOMETRIC_REPRESENTATION_CONTEXT ( 3 ) GLOBAL_UNCERTAINTY_ASSIGNED_CONTEXT ( ( #981 ) ) GLOBAL_UNIT_ASSIGNED_CONTEXT ( ( #3386, #2514, #2838 ) ) REPRESENTATION_CONTEXT ( 'NONE', 'WORKASPACE' ) );
#2381 = CARTESIAN_POINT ( 'NONE',  ( -5.950000000000001954, -3.430000000000001492, 0.000000000000000000 ) ) ;
#2382 = DIRECTION ( 'NONE',  ( 0.000000000000000000, 1.000000000000000000, 0.000000000000000000 ) ) ;
#2383 = EDGE_CURVE ( 'NONE', #586, #2829, #1661, .T. ) ;
#2384 = ORIENTED_EDGE ( 'NONE', *, *, #350, .F. ) ;
#2385 = STYLED_ITEM ( 'NONE', ( #2759 ), #1824 ) ;
#2386 = ADVANCED_FACE ( 'NONE', ( #750 ), #1274, .T. ) ;
#2387 = FACE_OUTER_BOUND ( 'NONE', #80, .T. ) ;
#2388 = FACE_OUTER_BOUND ( 'NONE', #3385, .T. ) ;
#2389 = AXIS2_PLACEMENT_3D ( 'NONE', #3044, #369, #1672 ) ;
#2390 = ORIENTED_EDGE ( 'NONE', *, *, #3334, .T. ) ;
#2391 = VECTOR ( 'NONE', #742, 1000.000000000000000 ) ;
#2392 = CARTESIAN_POINT ( 'NONE',  ( -5.000000000000000000, -5.250000000000000000, 4.320000000000000284 ) ) ;
#2393 = AXIS2_PLACEMENT_3D ( 'NONE', #216, #2354, #2870 ) ;
#2394 = FACE_OUTER_BOUND ( 'NONE', #1480, .T. ) ;
#2395 = CARTESIAN_POINT ( 'NONE',  ( -4.720000000000000639, 6.349999999999998757, 0.000000000000000000 ) ) ;
#2396 =( GEOMETRIC_REPRESENTATION_CONTEXT ( 3 ) GLOBAL_UNCERTAINTY_ASSIGNED_CONTEXT ( ( #2782 ) ) GLOBAL_UNIT_ASSIGNED_CONTEXT ( ( #27, #2439, #1053 ) ) REPRESENTATION_CONTEXT ( 'NONE', 'WORKASPACE' ) );
#2397 = ORIENTED_EDGE ( 'NONE', *, *, #2693, .F. ) ;
#2398 = STYLED_ITEM ( 'NONE', ( #201 ), #3399 ) ;
#2399 = UNCERTAINTY_MEASURE_WITH_UNIT (LENGTH_MEASURE( 1.000000000000000082E-05 ), #1270, 'distance_accuracy_value', 'NONE');
#2400 = DIRECTION ( 'NONE',  ( 0.000000000000000000, 0.000000000000000000, -1.000000000000000000 ) ) ;
#2401 =( NAMED_UNIT ( * ) PLANE_ANGLE_UNIT ( ) SI_UNIT ( $, .RADIAN. ) );
#2402 = ORIENTED_EDGE ( 'NONE', *, *, #3453, .T. ) ;
#2403 = DIRECTION ( 'NONE',  ( -1.365923996832131609E-16, 1.000000000000000000, 0.000000000000000000 ) ) ;
#2404 = EDGE_LOOP ( 'NONE', ( #1500, #1003, #2458, #2163 ) ) ;
#2405 = CARTESIAN_POINT ( 'NONE',  ( 4.589999999999998970, -6.349999999999999645, 0.000000000000000000 ) ) ;
#2406 = SURFACE_STYLE_USAGE ( .BOTH. , #2671 ) ;
#2407 = EDGE_CURVE ( 'NONE', #169, #1996, #1239, .T. ) ;
#2408 = VERTEX_POINT ( 'NONE', #3434 ) ;
#2409 = SURFACE_SIDE_STYLE ('',( #1329 ) ) ;
#2410 = SURFACE_STYLE_USAGE ( .BOTH. , #1330 ) ;
#2411 = DIRECTION ( 'NONE',  ( 8.260587980841940012E-17, -1.000000000000000000, 0.000000000000000000 ) ) ;
#2412 = VERTEX_POINT ( 'NONE', #983 ) ;
#2413 = CARTESIAN_POINT ( 'NONE',  ( -0.5049999999999988942, 6.350999999999999091, 1.279999999999999805 ) ) ;
#2414 = EDGE_LOOP ( 'NONE', ( #3347, #773, #2619, #52 ) ) ;
#2415 =( NAMED_UNIT ( * ) PLANE_ANGLE_UNIT ( ) SI_UNIT ( $, .RADIAN. ) );
#2416 = SURFACE_STYLE_USAGE ( .BOTH. , #1623 ) ;
#2417 = PLANE ( 'NONE',  #2276 ) ;
#2418 = DIRECTION ( 'NONE',  ( 0.000000000000000000, 0.000000000000000000, 1.000000000000000000 ) ) ;
#2419 = ORIENTED_EDGE ( 'NONE', *, *, #291, .T. ) ;
#2420 = PRESENTATION_STYLE_ASSIGNMENT (( #537 ) ) ;
#2421 = ORIENTED_EDGE ( 'NONE', *, *, #1112, .T. ) ;
#2422 = EDGE_CURVE ( 'NONE', #3217, #1373, #2046, .T. ) ;
#2423 = PLANE ( 'NONE',  #132 ) ;
#2424 = DIRECTION ( 'NONE',  ( -0.000000000000000000, 0.000000000000000000, 1.000000000000000000 ) ) ;
#2425 = DIRECTION ( 'NONE',  ( -1.000000000000000000, 6.829619984160658046E-17, -0.000000000000000000 ) ) ;
#2426 = MECHANICAL_DESIGN_GEOMETRIC_PRESENTATION_REPRESENTATION (  '', ( #2539 ), #2431 ) ;
#2427 = ADVANCED_FACE ( 'NONE', ( #3417 ), #735, .T. ) ;
#2428 = ORIENTED_EDGE ( 'NONE', *, *, #1968, .T. ) ;
#2429 = UNCERTAINTY_MEASURE_WITH_UNIT (LENGTH_MEASURE( 1.000000000000000082E-05 ), #1241, 'distance_accuracy_value', 'NONE');
#2430 = EDGE_CURVE ( 'NONE', #2115, #1897, #785, .T. ) ;
#2431 =( GEOMETRIC_REPRESENTATION_CONTEXT ( 3 ) GLOBAL_UNCERTAINTY_ASSIGNED_CONTEXT ( ( #2429 ) ) GLOBAL_UNIT_ASSIGNED_CONTEXT ( ( #1241, #3175, #2464 ) ) REPRESENTATION_CONTEXT ( 'NONE', 'WORKASPACE' ) );
#2432 = FILL_AREA_STYLE_COLOUR ( '', #808 ) ;
#2433 = EDGE_LOOP ( 'NONE', ( #3505, #3481, #1214, #1782 ) ) ;
#2434 = CARTESIAN_POINT ( 'NONE',  ( -6.350000000000001421, 6.349999999999998757, 0.5699999999999999512 ) ) ;
#2435 = PRESENTATION_LAYER_ASSIGNMENT (  '', '', ( #401 ) ) ;
#2436 = VERTEX_POINT ( 'NONE', #2105 ) ;
#2437 = STYLED_ITEM ( 'NONE', ( #1564 ), #1387 ) ;
#2438 = CARTESIAN_POINT ( 'NONE',  ( -6.350000000000000533, 1.249999999999999112, 0.000000000000000000 ) ) ;
#2439 =( NAMED_UNIT ( * ) PLANE_ANGLE_UNIT ( ) SI_UNIT ( $, .RADIAN. ) );
#2440 = EDGE_LOOP ( 'NONE', ( #95, #2172, #2293, #2804 ) ) ;
#2441 = AXIS2_PLACEMENT_3D ( 'NONE', #1751, #1204, #658 ) ;
#2442 = DIRECTION ( 'NONE',  ( 0.000000000000000000, 0.000000000000000000, -1.000000000000000000 ) ) ;
#2443 = LINE ( 'NONE', #2695, #675 ) ;
#2444 = EDGE_CURVE ( 'NONE', #1771, #370, #2686, .T. ) ;
#2445 =( NAMED_UNIT ( * ) SI_UNIT ( $, .STERADIAN. ) SOLID_ANGLE_UNIT ( ) );
#2446 = AXIS2_PLACEMENT_3D ( 'NONE', #3321, #1637, #327 ) ;
#2447 = AXIS2_PLACEMENT_3D ( 'NONE', #2064, #3170, #2373 ) ;
#2448 = LINE ( 'NONE', #1680, #949 ) ;
#2449 = MECHANICAL_DESIGN_GEOMETRIC_PRESENTATION_REPRESENTATION (  '', ( #1433 ), #2274 ) ;
#2450 =( LENGTH_UNIT ( ) NAMED_UNIT ( * ) SI_UNIT ( .MILLI., .METRE. ) );
#2451 = EDGE_CURVE ( 'NONE', #827, #70, #1549, .T. ) ;
#2452 = DIRECTION ( 'NONE',  ( -0.000000000000000000, -1.000000000000000000, -0.000000000000000000 ) ) ;
#2453 = EDGE_LOOP ( 'NONE', ( #2941, #1943, #835, #743 ) ) ;
#2454 = CIRCLE ( 'NONE', #1610, 0.3999999999999993006 ) ;
#2455 = ORIENTED_EDGE ( 'NONE', *, *, #712, .F. ) ;
#2456 =( NAMED_UNIT ( * ) SI_UNIT ( $, .STERADIAN. ) SOLID_ANGLE_UNIT ( ) );
#2457 = EDGE_LOOP ( 'NONE', ( #1226, #1876, #1851, #1042 ) ) ;
#2458 = ORIENTED_EDGE ( 'NONE', *, *, #3022, .F. ) ;
#2459 = UNCERTAINTY_MEASURE_WITH_UNIT (LENGTH_MEASURE( 1.000000000000000082E-05 ), #2303, 'distance_accuracy_value', 'NONE');
#2460 = SURFACE_STYLE_FILL_AREA ( #1923 ) ;
#2461 = CARTESIAN_POINT ( 'NONE',  ( 6.349999999999997868, 6.349999999999997868, 0.5699999999999999512 ) ) ;
#2462 = PRESENTATION_STYLE_ASSIGNMENT (( #3074 ) ) ;
#2463 = ORIENTED_EDGE ( 'NONE', *, *, #1277, .T. ) ;
#2464 =( NAMED_UNIT ( * ) SI_UNIT ( $, .STERADIAN. ) SOLID_ANGLE_UNIT ( ) );
#2465 = DIRECTION ( 'NONE',  ( 1.000000000000000000, 0.000000000000000000, 0.000000000000000000 ) ) ;
#2466 = VERTEX_POINT ( 'NONE', #2158 ) ;
#2467 = VERTEX_POINT ( 'NONE', #4 ) ;
#2468 = EDGE_CURVE ( 'NONE', #2981, #51, #2133, .T. ) ;
#2469 = PRESENTATION_STYLE_ASSIGNMENT (( #1350 ) ) ;
#2470 = ORIENTED_EDGE ( 'NONE', *, *, #2553, .F. ) ;
#2471 = LINE ( 'NONE', #3468, #6 ) ;
#2472 = ADVANCED_FACE ( 'NONE', ( #1038 ), #3223, .F. ) ;
#2473 = FILL_AREA_STYLE_COLOUR ( '', #3122 ) ;
#2474 = CARTESIAN_POINT ( 'NONE',  ( 0.7599999999999993427, 6.349999999999997868, 0.000000000000000000 ) ) ;
#2475 = VERTEX_POINT ( 'NONE', #1738 ) ;
#2476 = DIRECTION ( 'NONE',  ( -1.652117596168388002E-16, 1.000000000000000000, -0.000000000000000000 ) ) ;
#2477 = FILL_AREA_STYLE ('',( #3020 ) ) ;
#2478 = CARTESIAN_POINT ( 'NONE',  ( 0.5049999999999993383, -4.900000000000000355, 1.279999999999999805 ) ) ;
#2479 = VECTOR ( 'NONE', #3389, 1000.000000000000000 ) ;
#2480 =( NAMED_UNIT ( * ) PLANE_ANGLE_UNIT ( ) SI_UNIT ( $, .RADIAN. ) );
#2481 = DIRECTION ( 'NONE',  ( 0.000000000000000000, 0.000000000000000000, -1.000000000000000000 ) ) ;
#2482 = ORIENTED_EDGE ( 'NONE', *, *, #914, .F. ) ;
#2483 = ADVANCED_FACE ( 'NONE', ( #699 ), #2341, .T. ) ;
#2484 = VECTOR ( 'NONE', #2177, 1000.000000000000000 ) ;
#2485 = ORIENTED_EDGE ( 'NONE', *, *, #1995, .F. ) ;
#2486 = CARTESIAN_POINT ( 'NONE',  ( 6.349999999999998757, -1.290000000000000924, 0.5699999999999999512 ) ) ;
#2487 = DIRECTION ( 'NONE',  ( 1.000000000000000000, 0.000000000000000000, 0.000000000000000000 ) ) ;
#2488 = EDGE_CURVE ( 'NONE', #2346, #3266, #1208, .T. ) ;
#2489 = EDGE_LOOP ( 'NONE', ( #308, #3121, #1990, #3444 ) ) ;
#2490 = STYLED_ITEM ( 'NONE', ( #1475 ), #1367 ) ;
#2491 = UNCERTAINTY_MEASURE_WITH_UNIT (LENGTH_MEASURE( 1.000000000000000082E-05 ), #2921, 'distance_accuracy_value', 'NONE');
#2492 = DIRECTION ( 'NONE',  ( -0.000000000000000000, 1.000000000000000000, -0.000000000000000000 ) ) ;
#2493 = DIRECTION ( 'NONE',  ( 1.000000000000000000, 0.000000000000000000, 0.000000000000000000 ) ) ;
#2494 = UNCERTAINTY_MEASURE_WITH_UNIT (LENGTH_MEASURE( 1.000000000000000082E-05 ), #3357, 'distance_accuracy_value', 'NONE');
#2495 = MECHANICAL_DESIGN_GEOMETRIC_PRESENTATION_REPRESENTATION (  '', ( #1126 ), #2320 ) ;
#2496 = SURFACE_SIDE_STYLE ('',( #49 ) ) ;
#2497 =( LENGTH_UNIT ( ) NAMED_UNIT ( * ) SI_UNIT ( .MILLI., .METRE. ) );
#2498 = CARTESIAN_POINT ( 'NONE',  ( 6.349999999999999645, -3.830000000000000959, 0.5699999999999999512 ) ) ;
#2499 = AXIS2_PLACEMENT_3D ( 'NONE', #2559, #2511, #1156 ) ;
#2500 = FACE_OUTER_BOUND ( 'NONE', #1972, .T. ) ;
#2501 = AXIS2_PLACEMENT_3D ( 'NONE', #2156, #1336, #1111 ) ;
#2502 =( LENGTH_UNIT ( ) NAMED_UNIT ( * ) SI_UNIT ( .MILLI., .METRE. ) );
#2503 = ORIENTED_EDGE ( 'NONE', *, *, #3520, .T. ) ;
#2504 = MECHANICAL_DESIGN_GEOMETRIC_PRESENTATION_REPRESENTATION (  '', ( #2851 ), #2794 ) ;
#2505 = STYLED_ITEM ( 'NONE', ( #497 ), #2427 ) ;
#2506 = FILL_AREA_STYLE_COLOUR ( '', #1372 ) ;
#2507 =( GEOMETRIC_REPRESENTATION_CONTEXT ( 3 ) GLOBAL_UNCERTAINTY_ASSIGNED_CONTEXT ( ( #2746 ) ) GLOBAL_UNIT_ASSIGNED_CONTEXT ( ( #3050, #58, #2234 ) ) REPRESENTATION_CONTEXT ( 'NONE', 'WORKASPACE' ) );
#2508 = COLOUR_RGB ( '',0.8627450980392157298, 0.5882352941176470784, 0.06274509803921568540 ) ;
#2509 = ORIENTED_EDGE ( 'NONE', *, *, #864, .T. ) ;
#2510 = LINE ( 'NONE', #1172, #2999 ) ;
#2511 = DIRECTION ( 'NONE',  ( -0.000000000000000000, 0.000000000000000000, 1.000000000000000000 ) ) ;
#2512 = SURFACE_SIDE_STYLE ('',( #1692 ) ) ;
#2513 = ORIENTED_EDGE ( 'NONE', *, *, #2873, .T. ) ;
#2514 =( NAMED_UNIT ( * ) PLANE_ANGLE_UNIT ( ) SI_UNIT ( $, .RADIAN. ) );
#2515 = DIRECTION ( 'NONE',  ( -0.000000000000000000, -0.000000000000000000, 1.000000000000000000 ) ) ;
#2516 = DIRECTION ( 'NONE',  ( -6.829619984160658046E-17, -1.000000000000000000, 0.000000000000000000 ) ) ;
#2517 = SURFACE_SIDE_STYLE ('',( #2001 ) ) ;
#2518 = ORIENTED_EDGE ( 'NONE', *, *, #3181, .T. ) ;
#2519 = EDGE_LOOP ( 'NONE', ( #2027, #2482, #2654, #2993 ) ) ;
#2520 = SURFACE_STYLE_USAGE ( .BOTH. , #2796 ) ;
#2521 = EDGE_LOOP ( 'NONE', ( #1341, #2595, #2739, #303, #533, #1037 ) ) ;
#2522 = CARTESIAN_POINT ( 'NONE',  ( -2.670000000000002149, -3.810000000000000941, 0.5699999999999999512 ) ) ;
#2523 = CARTESIAN_POINT ( 'NONE',  ( -6.350000000000001421, 6.349999999999998757, 0.000000000000000000 ) ) ;
#2524 = ORIENTED_EDGE ( 'NONE', *, *, #979, .F. ) ;
#2525 = CARTESIAN_POINT ( 'NONE',  ( 1.004999999999999449, -4.900000000000000355, 0.000000000000000000 ) ) ;
#2526 = UNCERTAINTY_MEASURE_WITH_UNIT (LENGTH_MEASURE( 1.000000000000000082E-05 ), #19, 'distance_accuracy_value', 'NONE');
#2527 = DIRECTION ( 'NONE',  ( 1.000000000000000000, 0.000000000000000000, 0.000000000000000000 ) ) ;
#2528 = EDGE_CURVE ( 'NONE', #1368, #659, #2013, .T. ) ;
#2529 = FILL_AREA_STYLE_COLOUR ( '', #1863 ) ;
#2530 = DIRECTION ( 'NONE',  ( 0.000000000000000000, -0.000000000000000000, -1.000000000000000000 ) ) ;
#2531 = SURFACE_STYLE_FILL_AREA ( #1984 ) ;
#2532 = DIRECTION ( 'NONE',  ( -0.000000000000000000, 0.000000000000000000, -1.000000000000000000 ) ) ;
#2533 = EDGE_CURVE ( 'NONE', #3063, #3114, #2908, .T. ) ;
#2534 = ORIENTED_EDGE ( 'NONE', *, *, #78, .F. ) ;
#2535 = EDGE_CURVE ( 'NONE', #2829, #586, #2675, .T. ) ;
#2536 = VECTOR ( 'NONE', #3031, 1000.000000000000000 ) ;
#2537 =( NAMED_UNIT ( * ) PLANE_ANGLE_UNIT ( ) SI_UNIT ( $, .RADIAN. ) );
#2538 = EDGE_LOOP ( 'NONE', ( #2251, #48, #2188, #707 ) ) ;
#2539 = STYLED_ITEM ( 'NONE', ( #2584 ), #650 ) ;
#2540 = DIRECTION ( 'NONE',  ( -0.000000000000000000, -0.000000000000000000, 1.000000000000000000 ) ) ;
#2541 = LINE ( 'NONE', #128, #459 ) ;
#2542 = LINE ( 'NONE', #2270, #2725 ) ;
#2543 = CARTESIAN_POINT ( 'NONE',  ( -1.380000000000001226, 6.349999999999998757, 0.000000000000000000 ) ) ;
#2544 = VECTOR ( 'NONE', #2712, 1000.000000000000000 ) ;
#2545 = ORIENTED_EDGE ( 'NONE', *, *, #3453, .F. ) ;
#2546 = DIRECTION ( 'NONE',  ( -1.652117596168388002E-16, 1.000000000000000000, -0.000000000000000000 ) ) ;
#2547 =( NAMED_UNIT ( * ) PLANE_ANGLE_UNIT ( ) SI_UNIT ( $, .RADIAN. ) );
#2548 =( NAMED_UNIT ( * ) SI_UNIT ( $, .STERADIAN. ) SOLID_ANGLE_UNIT ( ) );
#2549 = CARTESIAN_POINT ( 'NONE',  ( 2.304999999999999716, 6.350999999999999091, 1.279999999999999805 ) ) ;
#2550 = AXIS2_PLACEMENT_3D ( 'NONE', #385, #1467, #1212 ) ;
#2551 = ORIENTED_EDGE ( 'NONE', *, *, #997, .F. ) ;
#2552 = PRESENTATION_STYLE_ASSIGNMENT (( #3410 ) ) ;
#2553 = EDGE_CURVE ( 'NONE', #1757, #3104, #3141, .T. ) ;
#2554 = PRESENTATION_LAYER_ASSIGNMENT (  '', '', ( #361 ) ) ;
#2555 = DIRECTION ( 'NONE',  ( 1.000000000000000000, 0.000000000000000000, 0.000000000000000000 ) ) ;
#2556 =( LENGTH_UNIT ( ) NAMED_UNIT ( * ) SI_UNIT ( .MILLI., .METRE. ) );
#2557 = VECTOR ( 'NONE', #450, 1000.000000000000000 ) ;
#2558 = CARTESIAN_POINT ( 'NONE',  ( -6.350000000000001421, 6.349999999999998757, 0.000000000000000000 ) ) ;
#2559 = CARTESIAN_POINT ( 'NONE',  ( -6.350000000000001421, -3.430000000000001492, 0.5699999999999999512 ) ) ;
#2560 = SURFACE_STYLE_FILL_AREA ( #2629 ) ;
#2561 = VECTOR ( 'NONE', #930, 1000.000000000000000 ) ;
#2562 = MECHANICAL_DESIGN_GEOMETRIC_PRESENTATION_REPRESENTATION (  '', ( #415 ), #536 ) ;
#2563 = ORIENTED_EDGE ( 'NONE', *, *, #3457, .T. ) ;
#2564 = PRODUCT_DEFINITION_FORMATION_WITH_SPECIFIED_SOURCE ( 'ANY', '', #2606, .NOT_KNOWN. ) ;
#2565 = DIRECTION ( 'NONE',  ( -0.000000000000000000, -0.000000000000000000, 1.000000000000000000 ) ) ;
#2566 = FILL_AREA_STYLE ('',( #2056 ) ) ;
#2567 = EDGE_LOOP ( 'NONE', ( #722, #3153, #2814, #2732 ) ) ;
#2568 = UNCERTAINTY_MEASURE_WITH_UNIT (LENGTH_MEASURE( 1.000000000000000082E-05 ), #662, 'distance_accuracy_value', 'NONE');
#2569 = EDGE_CURVE ( 'NONE', #2019, #1153, #1607, .T. ) ;
#2570 = DIRECTION ( 'NONE',  ( 1.000000000000000000, 6.829619984160658046E-17, 0.000000000000000000 ) ) ;
#2571 =( LENGTH_UNIT ( ) NAMED_UNIT ( * ) SI_UNIT ( .MILLI., .METRE. ) );
#2572 = PRESENTATION_STYLE_ASSIGNMENT (( #3440 ) ) ;
#2573 = EDGE_CURVE ( 'NONE', #2266, #2334, #271, .T. ) ;
#2574 = VERTEX_POINT ( 'NONE', #2961 ) ;
#2575 =( NAMED_UNIT ( * ) PLANE_ANGLE_UNIT ( ) SI_UNIT ( $, .RADIAN. ) );
#2576 = LINE ( 'NONE', #2256, #3021 ) ;
#2577 = VERTEX_POINT ( 'NONE', #1081 ) ;
#2578 = DIRECTION ( 'NONE',  ( 0.000000000000000000, -1.000000000000000000, 0.000000000000000000 ) ) ;
#2579 = CARTESIAN_POINT ( 'NONE',  ( 2.539999999999983160, 3.809999999999986287, 0.5699999999999999512 ) ) ;
#2580 = ORIENTED_EDGE ( 'NONE', *, *, #887, .T. ) ;
#2581 = CARTESIAN_POINT ( 'NONE',  ( -4.045552277149491616, -4.014904153837738576, 4.570000000000000284 ) ) ;
#2582 = DIRECTION ( 'NONE',  ( -0.000000000000000000, 0.000000000000000000, 1.000000000000000000 ) ) ;
#2583 = ORIENTED_EDGE ( 'NONE', *, *, #1458, .F. ) ;
#2584 = PRESENTATION_STYLE_ASSIGNMENT (( #1778 ) ) ;
#2585 = CARTESIAN_POINT ( 'NONE',  ( 1.519999999999990026, 6.349999999999997868, 0.5699999999999999512 ) ) ;
#2586 = VECTOR ( 'NONE', #3109, 1000.000000000000000 ) ;
#2587 = LINE ( 'NONE', #174, #1490 ) ;
#2588 = SURFACE_SIDE_STYLE ('',( #2560 ) ) ;
#2589 = EDGE_CURVE ( 'NONE', #161, #3217, #2152, .T. ) ;
#2590 = ORIENTED_EDGE ( 'NONE', *, *, #2269, .F. ) ;
#2591 = AXIS2_PLACEMENT_3D ( 'NONE', #816, #1898, #2717 ) ;
#2592 = EDGE_CURVE ( 'NONE', #330, #3324, #3504, .T. ) ;
#2593 = LINE ( 'NONE', #2330, #1413 ) ;
#2594 = EDGE_CURVE ( 'NONE', #113, #152, #588, .T. ) ;
#2595 = ORIENTED_EDGE ( 'NONE', *, *, #2488, .T. ) ;
#2596 = STYLED_ITEM ( 'NONE', ( #294 ), #970 ) ;
#2597 = FILL_AREA_STYLE_COLOUR ( '', #1860 ) ;
#2598 =( NAMED_UNIT ( * ) SI_UNIT ( $, .STERADIAN. ) SOLID_ANGLE_UNIT ( ) );
#2599 = CYLINDRICAL_SURFACE ( 'NONE', #1238, 0.3999999999999993006 ) ;
#2600 = LINE ( 'NONE', #2579, #1986 ) ;
#2601 = ORIENTED_EDGE ( 'NONE', *, *, #2926, .T. ) ;
#2602 =( GEOMETRIC_REPRESENTATION_CONTEXT ( 3 ) GLOBAL_UNCERTAINTY_ASSIGNED_CONTEXT ( ( #2318 ) ) GLOBAL_UNIT_ASSIGNED_CONTEXT ( ( #1201, #2789, #3110 ) ) REPRESENTATION_CONTEXT ( 'NONE', 'WORKASPACE' ) );
#2603 = UNCERTAINTY_MEASURE_WITH_UNIT (LENGTH_MEASURE( 1.000000000000000082E-05 ), #3013, 'distance_accuracy_value', 'NONE');
#2604 = DIRECTION ( 'NONE',  ( -0.000000000000000000, -0.000000000000000000, -1.000000000000000000 ) ) ;
#2605 = COLOUR_RGB ( '',0.8627450980392157298, 0.5882352941176470784, 0.06274509803921568540 ) ;
#2606 = PRODUCT ( 'RLM-23-1WL+', 'RLM-23-1WL+', '', ( #3045 ) ) ;
#2607 = STYLED_ITEM ( 'NONE', ( #2825 ), #2776 ) ;
#2608 = PRESENTATION_LAYER_ASSIGNMENT (  '', '', ( #2385 ) ) ;
#2609 = PRESENTATION_STYLE_ASSIGNMENT (( #942 ) ) ;
#2610 = FILL_AREA_STYLE_COLOUR ( '', #2845 ) ;
#2611 = CYLINDRICAL_SURFACE ( 'NONE', #810, 0.2500000000000002220 ) ;
#2612 = VECTOR ( 'NONE', #3499, 1000.000000000000000 ) ;
#2613 = ORIENTED_EDGE ( 'NONE', *, *, #461, .F. ) ;
#2614 = LINE ( 'NONE', #967, #75 ) ;
#2615 = DIRECTION ( 'NONE',  ( 0.000000000000000000, -0.000000000000000000, 1.000000000000000000 ) ) ;
#2616 = CARTESIAN_POINT ( 'NONE',  ( 6.349999999999997868, 6.349999999999997868, 0.5699999999999999512 ) ) ;
#2617 = VECTOR ( 'NONE', #1392, 1000.000000000000000 ) ;
#2618 = CIRCLE ( 'NONE', #1090, 0.3999999999999997446 ) ;
#2619 = ORIENTED_EDGE ( 'NONE', *, *, #977, .F. ) ;
#2620 = FACE_OUTER_BOUND ( 'NONE', #158, .T. ) ;
#2621 = CARTESIAN_POINT ( 'NONE',  ( -5.250000000000000888, 5.000000000000000000, 4.570000000000000284 ) ) ;
#2622 =( LENGTH_UNIT ( ) NAMED_UNIT ( * ) SI_UNIT ( .MILLI., .METRE. ) );
#2623 = EDGE_CURVE ( 'NONE', #1615, #1389, #3219, .T. ) ;
#2624 = ORIENTED_EDGE ( 'NONE', *, *, #1162, .F. ) ;
#2625 = CARTESIAN_POINT ( 'NONE',  ( 6.349999999999997868, 6.349999999999997868, 0.000000000000000000 ) ) ;
#2626 = DIRECTION ( 'NONE',  ( 1.000000000000000000, 0.000000000000000000, 0.000000000000000000 ) ) ;
#2627 = DIRECTION ( 'NONE',  ( -6.847592668329503432E-15, -1.000000000000000000, -0.000000000000000000 ) ) ;
#2628 = CARTESIAN_POINT ( 'NONE',  ( 4.999999999999995559, 5.250000000000000000, 0.5699999999999999512 ) ) ;
#2629 = FILL_AREA_STYLE ('',( #3161 ) ) ;
#2630 = ORIENTED_EDGE ( 'NONE', *, *, #3040, .T. ) ;
#2631 = CARTESIAN_POINT ( 'NONE',  ( 0.000000000000000000, 0.000000000000000000, 0.5699999999999999512 ) ) ;
#2632 = LINE ( 'NONE', #989, #2917 ) ;
#2633 = SURFACE_STYLE_FILL_AREA ( #1543 ) ;
#2634 = ORIENTED_EDGE ( 'NONE', *, *, #491, .F. ) ;
#2635 = CARTESIAN_POINT ( 'NONE',  ( -2.180000000000000604, 6.349999999999998757, 0.000000000000000000 ) ) ;
#2636 = FILL_AREA_STYLE_COLOUR ( '', #1023 ) ;
#2637 =( NAMED_UNIT ( * ) PLANE_ANGLE_UNIT ( ) SI_UNIT ( $, .RADIAN. ) );
#2638 = PRESENTATION_STYLE_ASSIGNMENT (( #3190 ) ) ;
#2639 = ADVANCED_FACE ( 'NONE', ( #2168 ), #3524, .F. ) ;
#2640 =( NAMED_UNIT ( * ) PLANE_ANGLE_UNIT ( ) SI_UNIT ( $, .RADIAN. ) );
#2641 = ORIENTED_EDGE ( 'NONE', *, *, #252, .T. ) ;
#2642 = UNCERTAINTY_MEASURE_WITH_UNIT (LENGTH_MEASURE( 1.000000000000000082E-05 ), #777, 'distance_accuracy_value', 'NONE');
#2643 = LINE ( 'NONE', #2625, #139 ) ;
#2644 = EDGE_CURVE ( 'NONE', #560, #1132, #3282, .T. ) ;
#2645 = DIRECTION ( 'NONE',  ( 0.000000000000000000, 0.000000000000000000, -1.000000000000000000 ) ) ;
#2646 = ORIENTED_EDGE ( 'NONE', *, *, #438, .F. ) ;
#2647 = ORIENTED_EDGE ( 'NONE', *, *, #1295, .F. ) ;
#2648 = CARTESIAN_POINT ( 'NONE',  ( 2.899999999999999467, 6.349999999999997868, 0.000000000000000000 ) ) ;
#2649 = LINE ( 'NONE', #963, #1427 ) ;
#2650 = ORIENTED_EDGE ( 'NONE', *, *, #2960, .T. ) ;
#2651 = VECTOR ( 'NONE', #3425, 1000.000000000000000 ) ;
#2652 = CARTESIAN_POINT ( 'NONE',  ( -6.350000000000002309, 4.189999999999998614, 0.000000000000000000 ) ) ;
#2653 = CARTESIAN_POINT ( 'NONE',  ( -6.350000000000000533, -0.4900000000000019340, 0.5699999999999999512 ) ) ;
#2654 = ORIENTED_EDGE ( 'NONE', *, *, #2756, .T. ) ;
#2655 = DIRECTION ( 'NONE',  ( -1.000000000000000000, 0.000000000000000000, -0.000000000000000000 ) ) ;
#2656 = AXIS2_PLACEMENT_3D ( 'NONE', #2413, #1620, #250 ) ;
#2657 = FILL_AREA_STYLE_COLOUR ( '', #3189 ) ;
#2658 = FACE_OUTER_BOUND ( 'NONE', #368, .T. ) ;
#2659 = VECTOR ( 'NONE', #1378, 1000.000000000000000 ) ;
#2660 = CARTESIAN_POINT ( 'NONE',  ( -0.1300000000000018641, -4.830000000000001847, 0.5699999999999999512 ) ) ;
#2661 = ORIENTED_EDGE ( 'NONE', *, *, #2197, .T. ) ;
#2662 = PRESENTATION_LAYER_ASSIGNMENT (  '', '', ( #17 ) ) ;
#2663 = PRESENTATION_STYLE_ASSIGNMENT (( #3523 ) ) ;
#2664 = VECTOR ( 'NONE', #2768, 1000.000000000000000 ) ;
#2665 = ORIENTED_EDGE ( 'NONE', *, *, #1213, .T. ) ;
#2666 = ADVANCED_FACE ( 'NONE', ( #2979 ), #1316, .F. ) ;
#2667 =( LENGTH_UNIT ( ) NAMED_UNIT ( * ) SI_UNIT ( .MILLI., .METRE. ) );
#2668 = ORIENTED_EDGE ( 'NONE', *, *, #2573, .T. ) ;
#2669 = AXIS2_PLACEMENT_3D ( 'NONE', #1593, #2121, #1325 ) ;
#2670 =( LENGTH_UNIT ( ) NAMED_UNIT ( * ) SI_UNIT ( .MILLI., .METRE. ) );
#2671 = SURFACE_SIDE_STYLE ('',( #1594 ) ) ;
#2672 = AXIS2_PLACEMENT_3D ( 'NONE', #2178, #1649, #2200 ) ;
#2673 = ORIENTED_EDGE ( 'NONE', *, *, #3404, .F. ) ;
#2674 = CARTESIAN_POINT ( 'NONE',  ( 0.000000000000000000, -5.000000000000000000, 4.320000000000000284 ) ) ;
#2675 = CIRCLE ( 'NONE', #1137, 0.5993639800389926053 ) ;
#2676 = PRESENTATION_LAYER_ASSIGNMENT (  '', '', ( #1317 ) ) ;
#2677 = PRESENTATION_LAYER_ASSIGNMENT (  '', '', ( #415 ) ) ;
#2678 = CARTESIAN_POINT ( 'NONE',  ( -1.004999999999999005, 6.350999999999999091, 0.5700000000000001732 ) ) ;
#2679 = ORIENTED_EDGE ( 'NONE', *, *, #3000, .T. ) ;
#2680 = DIRECTION ( 'NONE',  ( -1.000000000000000000, 6.829619984160658046E-17, -0.000000000000000000 ) ) ;
#2681 = DIRECTION ( 'NONE',  ( 1.000000000000000000, 0.000000000000000000, 0.000000000000000000 ) ) ;
#2682 = ORIENTED_EDGE ( 'NONE', *, *, #1611, .T. ) ;
#2683 = CARTESIAN_POINT ( 'NONE',  ( 6.349999999999997868, 3.789999999999998703, 0.000000000000000000 ) ) ;
#2684 = CARTESIAN_POINT ( 'NONE',  ( -1.004999999999999005, 5.250000000000000000, 1.279999999999999805 ) ) ;
#2685 = DIRECTION ( 'NONE',  ( -0.000000000000000000, 1.000000000000000000, -0.000000000000000000 ) ) ;
#2686 = LINE ( 'NONE', #317, #1603 ) ;
#2687 = ADVANCED_FACE ( 'NONE', ( #1150 ), #1950, .F. ) ;
#2688 = ORIENTED_EDGE ( 'NONE', *, *, #2290, .T. ) ;
#2689 = CYLINDRICAL_SURFACE ( 'NONE', #3077, 0.5000000000000000000 ) ;
#2690 = PLANE ( 'NONE',  #1716 ) ;
#2691 = ADVANCED_FACE ( 'NONE', ( #1722 ), #2259, .F. ) ;
#2692 = ORIENTED_EDGE ( 'NONE', *, *, #3501, .T. ) ;
#2693 = EDGE_CURVE ( 'NONE', #2365, #1844, #594, .T. ) ;
#2694 = CARTESIAN_POINT ( 'NONE',  ( -6.350000000000001421, -3.430000000000001492, 0.000000000000000000 ) ) ;
#2695 = CARTESIAN_POINT ( 'NONE',  ( -5.250000000000000000, -4.900000000000000355, 0.5700000000000001732 ) ) ;
#2696 = CARTESIAN_POINT ( 'NONE',  ( 2.899999999999999467, 6.349999999999997868, 0.5699999999999999512 ) ) ;
#2697 = ORIENTED_EDGE ( 'NONE', *, *, #2945, .T. ) ;
#2698 = LINE ( 'NONE', #1911, #2246 ) ;
#2699 = SURFACE_SIDE_STYLE ('',( #1869 ) ) ;
#2700 = EDGE_LOOP ( 'NONE', ( #838, #3220 ) ) ;
#2701 = LINE ( 'NONE', #2648, #1240 ) ;
#2702 =( LENGTH_UNIT ( ) NAMED_UNIT ( * ) SI_UNIT ( .MILLI., .METRE. ) );
#2703 = DIRECTION ( 'NONE',  ( 1.000000000000000000, 0.000000000000000000, 0.000000000000000000 ) ) ;
#2704 = ORIENTED_EDGE ( 'NONE', *, *, #2171, .T. ) ;
#2705 = PRESENTATION_STYLE_ASSIGNMENT (( #1641 ) ) ;
#2706 = EDGE_CURVE ( 'NONE', #2836, #1260, #696, .T. ) ;
#2707 = CARTESIAN_POINT ( 'NONE',  ( 0.000000000000000000, 0.000000000000000000, 0.5699999999999999512 ) ) ;
#2708 = VERTEX_POINT ( 'NONE', #1912 ) ;
#2709 = CARTESIAN_POINT ( 'NONE',  ( 1.519999999999989138, 4.829999999999992077, 0.5699999999999999512 ) ) ;
#2710 = EDGE_CURVE ( 'NONE', #1619, #2962, #3297, .T. ) ;
#2711 = MECHANICAL_DESIGN_GEOMETRIC_PRESENTATION_REPRESENTATION (  '', ( #1233 ), #2363 ) ;
#2712 = DIRECTION ( 'NONE',  ( 1.000000000000000000, 6.829619984160658046E-17, 0.000000000000000000 ) ) ;
#2713 = SURFACE_STYLE_USAGE ( .BOTH. , #2144 ) ;
#2714 = MECHANICAL_DESIGN_GEOMETRIC_PRESENTATION_REPRESENTATION (  '', ( #729 ), #1178 ) ;
#2715 = ORIENTED_EDGE ( 'NONE', *, *, #2219, .F. ) ;
#2716 = CIRCLE ( 'NONE', #1409, 0.3999999999999993006 ) ;
#2717 = DIRECTION ( 'NONE',  ( 1.000000000000000000, 0.000000000000000000, 0.000000000000000000 ) ) ;
#2718 = CARTESIAN_POINT ( 'NONE',  ( 0.8899999999999982370, -3.810000000000000941, 0.5699999999999999512 ) ) ;
#2719 = ORIENTED_EDGE ( 'NONE', *, *, #1021, .F. ) ;
#2720 = AXIS2_PLACEMENT_3D ( 'NONE', #2963, #1296, #3221 ) ;
#2721 = FILL_AREA_STYLE ('',( #2185 ) ) ;
#2722 = DIRECTION ( 'NONE',  ( -1.000000000000000000, 0.000000000000000000, -0.000000000000000000 ) ) ;
#2723 = COLOUR_RGB ( '',0.8627450980392157298, 0.5882352941176470784, 0.06274509803921568540 ) ;
#2724 = VERTEX_POINT ( 'NONE', #571 ) ;
#2725 = VECTOR ( 'NONE', #97, 1000.000000000000000 ) ;
#2726 = EDGE_LOOP ( 'NONE', ( #1792, #2983, #1921, #1470 ) ) ;
#2727 = PRESENTATION_LAYER_ASSIGNMENT (  '', '', ( #747 ) ) ;
#2728 = FILL_AREA_STYLE_COLOUR ( '', #121 ) ;
#2729 = FACE_OUTER_BOUND ( 'NONE', #2414, .T. ) ;
#2730 = EDGE_CURVE ( 'NONE', #2883, #1996, #2618, .T. ) ;
#2731 = VECTOR ( 'NONE', #1481, 1000.000000000000000 ) ;
#2732 = ORIENTED_EDGE ( 'NONE', *, *, #2047, .T. ) ;
#2733 = STYLED_ITEM ( 'NONE', ( #333 ), #3270 ) ;
#2734 = VECTOR ( 'NONE', #999, 1000.000000000000000 ) ;
#2735 = CYLINDRICAL_SURFACE ( 'NONE', #2656, 0.5000000000000000000 ) ;
#2736 = CARTESIAN_POINT ( 'NONE',  ( 3.299999999999998934, 6.349999999999997868, 0.5699999999999999512 ) ) ;
#2737 = EDGE_CURVE ( 'NONE', #426, #558, #850, .T. ) ;
#2738 = ORIENTED_EDGE ( 'NONE', *, *, #2594, .T. ) ;
#2739 = ORIENTED_EDGE ( 'NONE', *, *, #2009, .T. ) ;
#2740 = AXIS2_PLACEMENT_3D ( 'NONE', #3196, #751, #1484 ) ;
#2741 = ORIENTED_EDGE ( 'NONE', *, *, #668, .F. ) ;
#2742 =( NAMED_UNIT ( * ) PLANE_ANGLE_UNIT ( ) SI_UNIT ( $, .RADIAN. ) );
#2743 = CARTESIAN_POINT ( 'NONE',  ( -2.805000000000000604, -4.900000000000000355, 1.279999999999999805 ) ) ;
#2744 = DIRECTION ( 'NONE',  ( -0.000000000000000000, -0.000000000000000000, -1.000000000000000000 ) ) ;
#2745 = ORIENTED_EDGE ( 'NONE', *, *, #214, .T. ) ;
#2746 = UNCERTAINTY_MEASURE_WITH_UNIT (LENGTH_MEASURE( 1.000000000000000082E-05 ), #3050, 'distance_accuracy_value', 'NONE');
#2747 = CARTESIAN_POINT ( 'NONE',  ( 2.805000000000000160, 5.250000000000000000, 1.279999999999999805 ) ) ;
#2748 = FACE_OUTER_BOUND ( 'NONE', #1046, .T. ) ;
#2749 =( LENGTH_UNIT ( ) NAMED_UNIT ( * ) SI_UNIT ( .MILLI., .METRE. ) );
#2750 = DIRECTION ( 'NONE',  ( 0.000000000000000000, 0.000000000000000000, -1.000000000000000000 ) ) ;
#2751 = ADVANCED_FACE ( 'NONE', ( #871 ), #314, .F. ) ;
#2752 = FACE_OUTER_BOUND ( 'NONE', #2372, .T. ) ;
#2753 = EDGE_LOOP ( 'NONE', ( #3226, #3010, #2042, #1446, #396, #2503, #10, #3511, #945, #1362 ) ) ;
#2754 = DIRECTION ( 'NONE',  ( 0.000000000000000000, 0.000000000000000000, 1.000000000000000000 ) ) ;
#2755 = EDGE_CURVE ( 'NONE', #1897, #958, #3131, .T. ) ;
#2756 = EDGE_CURVE ( 'NONE', #2475, #120, #1705, .T. ) ;
#2757 = VERTEX_POINT ( 'NONE', #1773 ) ;
#2758 = LINE ( 'NONE', #3325, #1064 ) ;
#2759 = PRESENTATION_STYLE_ASSIGNMENT (( #3033 ) ) ;
#2760 = LINE ( 'NONE', #112, #2617 ) ;
#2761 = ORIENTED_EDGE ( 'NONE', *, *, #2528, .T. ) ;
#2762 = DIRECTION ( 'NONE',  ( 1.000000000000000000, 0.000000000000000000, 0.000000000000000000 ) ) ;
#2763 = CYLINDRICAL_SURFACE ( 'NONE', #28, 0.3999999999999993006 ) ;
#2764 = LINE ( 'NONE', #1440, #2659 ) ;
#2765 =( NAMED_UNIT ( * ) PLANE_ANGLE_UNIT ( ) SI_UNIT ( $, .RADIAN. ) );
#2766 = LINE ( 'NONE', #593, #1173 ) ;
#2767 = CLOSED_SHELL ( 'NONE', ( #2776, #3125, #2639, #1482, #1118, #2114, #2386, #1668, #2687, #1862, #566, #1058, #378, #3476, #2313, #1900, #1229, #823, #440, #3514, #1501, #1752, #2809, #2472, #296, #143, #1924, #1714, #3244, #1685, #1102, #1041, #3270, #2666, #867, #1587, #3292, #3399, #1252, #359, #2691, #2063, #778, #1367, #650, #3384 ) ) ;
#2768 = DIRECTION ( 'NONE',  ( 1.365923996832131609E-16, -1.000000000000000000, 0.000000000000000000 ) ) ;
#2769 = DIRECTION ( 'NONE',  ( -0.000000000000000000, 0.000000000000000000, 1.000000000000000000 ) ) ;
#2770 = PRESENTATION_LAYER_ASSIGNMENT (  '', '', ( #1233 ) ) ;
#2771 = DIRECTION ( 'NONE',  ( -0.000000000000000000, 0.000000000000000000, 1.000000000000000000 ) ) ;
#2772 = ORIENTED_EDGE ( 'NONE', *, *, #1209, .F. ) ;
#2773 = ORIENTED_EDGE ( 'NONE', *, *, #2875, .F. ) ;
#2774 = FACE_OUTER_BOUND ( 'NONE', #2404, .T. ) ;
#2775 = COLOUR_RGB ( '',0.8431372549019607865, 0.8431372549019607865, 0.8431372549019607865 ) ;
#2776 = ADVANCED_FACE ( 'NONE', ( #157 ), #3097, .F. ) ;
#2777 = ORIENTED_EDGE ( 'NONE', *, *, #736, .F. ) ;
#2778 = CARTESIAN_POINT ( 'NONE',  ( 6.350000000000000533, 4.189999999999998614, 0.000000000000000000 ) ) ;
#2779 = FACE_BOUND ( 'NONE', #2700, .T. ) ;
#2780 = CIRCLE ( 'NONE', #1298, 0.2500000000000002220 ) ;
#2781 = ORIENTED_EDGE ( 'NONE', *, *, #2807, .T. ) ;
#2782 = UNCERTAINTY_MEASURE_WITH_UNIT (LENGTH_MEASURE( 1.000000000000000082E-05 ), #27, 'distance_accuracy_value', 'NONE');
#2783 = PRESENTATION_STYLE_ASSIGNMENT (( #946 ) ) ;
#2784 = UNCERTAINTY_MEASURE_WITH_UNIT (LENGTH_MEASURE( 1.000000000000000082E-05 ), #2497, 'distance_accuracy_value', 'NONE');
#2785 = VECTOR ( 'NONE', #2055, 1000.000000000000000 ) ;
#2786 = DIRECTION ( 'NONE',  ( -0.000000000000000000, -0.000000000000000000, 1.000000000000000000 ) ) ;
#2787 = DIRECTION ( 'NONE',  ( 1.000000000000000000, 0.000000000000000000, 0.000000000000000000 ) ) ;
#2788 = AXIS2_PLACEMENT_3D ( 'NONE', #1339, #825, #1918 ) ;
#2789 =( NAMED_UNIT ( * ) PLANE_ANGLE_UNIT ( ) SI_UNIT ( $, .RADIAN. ) );
#2790 = PRESENTATION_STYLE_ASSIGNMENT (( #1461 ) ) ;
#2791 = PRESENTATION_LAYER_ASSIGNMENT (  '', '', ( #1489 ) ) ;
#2792 = AXIS2_PLACEMENT_3D ( 'NONE', #2186, #821, #1050 ) ;
#2793 = ORIENTED_EDGE ( 'NONE', *, *, #1799, .F. ) ;
#2794 =( GEOMETRIC_REPRESENTATION_CONTEXT ( 3 ) GLOBAL_UNCERTAINTY_ASSIGNED_CONTEXT ( ( #1677 ) ) GLOBAL_UNIT_ASSIGNED_CONTEXT ( ( #968, #2575, #2878 ) ) REPRESENTATION_CONTEXT ( 'NONE', 'WORKASPACE' ) );
#2795 = PRESENTATION_LAYER_ASSIGNMENT (  '', '', ( #1433 ) ) ;
#2796 = SURFACE_SIDE_STYLE ('',( #1970 ) ) ;
#2797 = VECTOR ( 'NONE', #241, 1000.000000000000000 ) ;
#2798 =( GEOMETRIC_REPRESENTATION_CONTEXT ( 3 ) GLOBAL_UNCERTAINTY_ASSIGNED_CONTEXT ( ( #2196 ) ) GLOBAL_UNIT_ASSIGNED_CONTEXT ( ( #2375, #2401, #1621 ) ) REPRESENTATION_CONTEXT ( 'NONE', 'WORKASPACE' ) );
#2799 = ORIENTED_EDGE ( 'NONE', *, *, #3085, .F. ) ;
#2800 = CARTESIAN_POINT ( 'NONE',  ( -6.350000000000001421, 6.349999999999998757, 0.5699999999999999512 ) ) ;
#2801 = CARTESIAN_POINT ( 'NONE',  ( -5.250000000000000888, 6.350999999999999091, 1.779999999999999805 ) ) ;
#2802 = CARTESIAN_POINT ( 'NONE',  ( 5.249999999999999112, 5.250000000000000000, 4.320000000000000284 ) ) ;
#2803 = EDGE_CURVE ( 'NONE', #1463, #2183, #2600, .T. ) ;
#2804 = ORIENTED_EDGE ( 'NONE', *, *, #797, .F. ) ;
#2805 = SURFACE_STYLE_FILL_AREA ( #933 ) ;
#2806 = FACE_OUTER_BOUND ( 'NONE', #2453, .T. ) ;
#2807 = EDGE_CURVE ( 'NONE', #1186, #1312, #3258, .T. ) ;
#2808 = DIRECTION ( 'NONE',  ( -0.000000000000000000, -0.000000000000000000, 1.000000000000000000 ) ) ;
#2809 = ADVANCED_FACE ( 'NONE', ( #467 ), #1236, .F. ) ;
#2810 = CARTESIAN_POINT ( 'NONE',  ( -5.250000000000000888, 5.250000000000000000, 0.5699999999999999512 ) ) ;
#2811 =( NAMED_UNIT ( * ) SI_UNIT ( $, .STERADIAN. ) SOLID_ANGLE_UNIT ( ) );
#2812 = FACE_OUTER_BOUND ( 'NONE', #1742, .T. ) ;
#2813 =( NAMED_UNIT ( * ) SI_UNIT ( $, .STERADIAN. ) SOLID_ANGLE_UNIT ( ) );
#2814 = ORIENTED_EDGE ( 'NONE', *, *, #42, .F. ) ;
#2815 = ORIENTED_EDGE ( 'NONE', *, *, #2965, .F. ) ;
#2816 = CARTESIAN_POINT ( 'NONE',  ( 5.249999999999999112, 5.000000000000000000, 0.5699999999999999512 ) ) ;
#2817 = CARTESIAN_POINT ( 'NONE',  ( -5.950000000000001954, -0.8900000000000014566, 0.000000000000000000 ) ) ;
#2818 = DIRECTION ( 'NONE',  ( -0.000000000000000000, -0.000000000000000000, 1.000000000000000000 ) ) ;
#2819 = ORIENTED_EDGE ( 'NONE', *, *, #1541, .T. ) ;
#2820 = SURFACE_STYLE_FILL_AREA ( #1455 ) ;
#2821 = DIRECTION ( 'NONE',  ( 1.000000000000000000, 0.000000000000000000, 0.000000000000000000 ) ) ;
#2822 = PRESENTATION_STYLE_ASSIGNMENT (( #2896 ) ) ;
#2823 = EDGE_CURVE ( 'NONE', #113, #1449, #2035, .T. ) ;
#2824 = CARTESIAN_POINT ( 'NONE',  ( -5.250000000000000000, -5.000000000000000000, 4.570000000000000284 ) ) ;
#2825 = PRESENTATION_STYLE_ASSIGNMENT (( #3113 ) ) ;
#2826 = VERTEX_POINT ( 'NONE', #3392 ) ;
#2827 = AXIS2_PLACEMENT_3D ( 'NONE', #1191, #2213, #127 ) ;
#2828 = LINE ( 'NONE', #925, #2731 ) ;
#2829 = VERTEX_POINT ( 'NONE', #2061 ) ;
#2830 = COLOUR_RGB ( '',0.8431372549019607865, 0.8431372549019607865, 0.8431372549019607865 ) ;
#2831 =( NAMED_UNIT ( * ) PLANE_ANGLE_UNIT ( ) SI_UNIT ( $, .RADIAN. ) );
#2832 = PLANE ( 'NONE',  #2901 ) ;
#2833 = DIRECTION ( 'NONE',  ( 0.000000000000000000, 0.000000000000000000, 1.000000000000000000 ) ) ;
#2834 =( NAMED_UNIT ( * ) SI_UNIT ( $, .STERADIAN. ) SOLID_ANGLE_UNIT ( ) );
#2835 = VECTOR ( 'NONE', #12, 1000.000000000000000 ) ;
#2836 = VERTEX_POINT ( 'NONE', #1259 ) ;
#2837 =( GEOMETRIC_REPRESENTATION_CONTEXT ( 3 ) GLOBAL_UNCERTAINTY_ASSIGNED_CONTEXT ( ( #1219 ) ) GLOBAL_UNIT_ASSIGNED_CONTEXT ( ( #1794, #2323, #1279 ) ) REPRESENTATION_CONTEXT ( 'NONE', 'WORKASPACE' ) );
#2838 =( NAMED_UNIT ( * ) SI_UNIT ( $, .STERADIAN. ) SOLID_ANGLE_UNIT ( ) );
#2839 = DIRECTION ( 'NONE',  ( 0.000000000000000000, 0.000000000000000000, -1.000000000000000000 ) ) ;
#2840 = CARTESIAN_POINT ( 'NONE',  ( 0.000000000000000000, -5.250000000000000000, 1.779999999999999805 ) ) ;
#2841 = AXIS2_PLACEMENT_3D ( 'NONE', #100, #2565, #2220 ) ;
#2842 =( NAMED_UNIT ( * ) SI_UNIT ( $, .STERADIAN. ) SOLID_ANGLE_UNIT ( ) );
#2843 = ADVANCED_FACE ( 'NONE', ( #936 ), #2844, .T. ) ;
#2844 = PLANE ( 'NONE',  #800 ) ;
#2845 = COLOUR_RGB ( '',0.8431372549019607865, 0.8431372549019607865, 0.8431372549019607865 ) ;
#2846 = ORIENTED_EDGE ( 'NONE', *, *, #163, .T. ) ;
#2847 = VECTOR ( 'NONE', #2425, 1000.000000000000000 ) ;
#2848 = VECTOR ( 'NONE', #416, 1000.000000000000000 ) ;
#2849 = CARTESIAN_POINT ( 'NONE',  ( -2.305000000000000604, -5.250000000000000000, 1.779999999999999805 ) ) ;
#2850 = ADVANCED_FACE ( 'NONE', ( #1310 ), #1075, .F. ) ;
#2851 = STYLED_ITEM ( 'NONE', ( #3207 ), #3174 ) ;
#2852 = COLOUR_RGB ( '',0.8431372549019607865, 0.8431372549019607865, 0.8431372549019607865 ) ;
#2853 = DIRECTION ( 'NONE',  ( -0.000000000000000000, 1.000000000000000000, -0.000000000000000000 ) ) ;
#2854 =( NAMED_UNIT ( * ) SI_UNIT ( $, .STERADIAN. ) SOLID_ANGLE_UNIT ( ) );
#2855 = CARTESIAN_POINT ( 'NONE',  ( 6.350000000000001421, -0.8900000000000014566, 0.000000000000000000 ) ) ;
#2856 = MECHANICAL_DESIGN_GEOMETRIC_PRESENTATION_REPRESENTATION (  '', ( #89 ), #2396 ) ;
#2857 = COLOUR_RGB ( '',0.8627450980392157298, 0.5882352941176470784, 0.06274509803921568540 ) ;
#2858 =( LENGTH_UNIT ( ) NAMED_UNIT ( * ) SI_UNIT ( .MILLI., .METRE. ) );
#2859 = ORIENTED_EDGE ( 'NONE', *, *, #2155, .F. ) ;
#2860 = DIRECTION ( 'NONE',  ( 0.000000000000000000, 1.000000000000000000, 0.000000000000000000 ) ) ;
#2861 = DIRECTION ( 'NONE',  ( -0.000000000000000000, 0.000000000000000000, 1.000000000000000000 ) ) ;
#2862 = DIRECTION ( 'NONE',  ( -8.260587980841940012E-17, 1.000000000000000000, 0.000000000000000000 ) ) ;
#2863 = ORIENTED_EDGE ( 'NONE', *, *, #2644, .F. ) ;
#2864 =( NAMED_UNIT ( * ) PLANE_ANGLE_UNIT ( ) SI_UNIT ( $, .RADIAN. ) );
#2865 = CARTESIAN_POINT ( 'NONE',  ( -3.920000000000001705, 6.349999999999998757, 0.000000000000000000 ) ) ;
#2866 = SURFACE_STYLE_FILL_AREA ( #957 ) ;
#2867 = ORIENTED_EDGE ( 'NONE', *, *, #2113, .F. ) ;
#2868 = UNCERTAINTY_MEASURE_WITH_UNIT (LENGTH_MEASURE( 1.000000000000000082E-05 ), #495, 'distance_accuracy_value', 'NONE');
#2869 = EDGE_CURVE ( 'NONE', #2008, #2951, #1896, .T. ) ;
#2870 = DIRECTION ( 'NONE',  ( 0.000000000000000000, 0.000000000000000000, -1.000000000000000000 ) ) ;
#2871 = DIRECTION ( 'NONE',  ( 0.000000000000000000, -1.000000000000000000, -0.000000000000000000 ) ) ;
#2872 = FACE_OUTER_BOUND ( 'NONE', #1899, .T. ) ;
#2873 = EDGE_CURVE ( 'NONE', #574, #1901, #3497, .T. ) ;
#2874 = PLANE ( 'NONE',  #1810 ) ;
#2875 = EDGE_CURVE ( 'NONE', #2212, #2275, #3191, .T. ) ;
#2876 = ORIENTED_EDGE ( 'NONE', *, *, #180, .T. ) ;
#2877 = FACE_OUTER_BOUND ( 'NONE', #1723, .T. ) ;
#2878 =( NAMED_UNIT ( * ) SI_UNIT ( $, .STERADIAN. ) SOLID_ANGLE_UNIT ( ) );
#2879 = DIRECTION ( 'NONE',  ( -1.000000000000000000, 6.829619984160658046E-17, -0.000000000000000000 ) ) ;
#2880 = ORIENTED_EDGE ( 'NONE', *, *, #914, .T. ) ;
#2881 = SURFACE_STYLE_FILL_AREA ( #2112 ) ;
#2882 = CARTESIAN_POINT ( 'NONE',  ( 6.350000000000000533, 4.189999999999998614, 0.000000000000000000 ) ) ;
#2883 = VERTEX_POINT ( 'NONE', #2696 ) ;
#2884 = DIRECTION ( 'NONE',  ( -0.000000000000000000, 0.000000000000000000, 1.000000000000000000 ) ) ;
#2885 = CLOSED_SHELL ( 'NONE', ( #3174, #1079, #907, #1342, #3016, #3227, #1582, #1824, #2353, #1439, #3424, #1188, #1340, #261, #2483, #2427, #2332, #2982, #3068, #970, #326, #3231, #1906, #3156, #1387, #818, #1732, #2224, #2843, #1168, #3106, #654, #2751, #2850, #1776 ) ) ;
#2886 = CARTESIAN_POINT ( 'NONE',  ( -2.305000000000000604, -4.900000000000000355, 1.779999999999999805 ) ) ;
#2887 = FACE_OUTER_BOUND ( 'NONE', #2893, .T. ) ;
#2888 = AXIS2_PLACEMENT_3D ( 'NONE', #2800, #598, #3100 ) ;
#2889 = DIRECTION ( 'NONE',  ( 1.000000000000000000, 8.260587980841940012E-17, -0.000000000000000000 ) ) ;
#2890 = DIRECTION ( 'NONE',  ( -0.000000000000000000, -0.000000000000000000, 1.000000000000000000 ) ) ;
#2891 = EDGE_CURVE ( 'NONE', #2275, #3204, #227, .T. ) ;
#2892 = COLOUR_RGB ( '',0.8627450980392157298, 0.5882352941176470784, 0.06274509803921568540 ) ;
#2893 = EDGE_LOOP ( 'NONE', ( #2668, #2745, #2037, #2509 ) ) ;
#2894 = CARTESIAN_POINT ( 'NONE',  ( -6.349999999999999645, -6.350000000000000533, 0.5699999999999999512 ) ) ;
#2895 = DIRECTION ( 'NONE',  ( -0.000000000000000000, -0.000000000000000000, 1.000000000000000000 ) ) ;
#2896 = SURFACE_STYLE_USAGE ( .BOTH. , #1802 ) ;
#2897 = EDGE_CURVE ( 'NONE', #1153, #2169, #1331, .T. ) ;
#2898 = ORIENTED_EDGE ( 'NONE', *, *, #1613, .F. ) ;
#2899 = VECTOR ( 'NONE', #3263, 1000.000000000000000 ) ;
#2900 = DIRECTION ( 'NONE',  ( -1.000000000000000000, 0.000000000000000000, -0.000000000000000000 ) ) ;
#2901 = AXIS2_PLACEMENT_3D ( 'NONE', #2801, #3363, #3089 ) ;
#2902 = SURFACE_SIDE_STYLE ('',( #2866 ) ) ;
#2903 = VERTEX_POINT ( 'NONE', #280 ) ;
#2904 = UNCERTAINTY_MEASURE_WITH_UNIT (LENGTH_MEASURE( 1.000000000000000082E-05 ), #2039, 'distance_accuracy_value', 'NONE');
#2905 = LINE ( 'NONE', #2284, #2848 ) ;
#2906 =( NAMED_UNIT ( * ) SI_UNIT ( $, .STERADIAN. ) SOLID_ANGLE_UNIT ( ) );
#2907 = AXIS2_PLACEMENT_3D ( 'NONE', #684, #2492, #896 ) ;
#2908 = LINE ( 'NONE', #2300, #144 ) ;
#2909 = DIRECTION ( 'NONE',  ( -0.000000000000000000, -0.000000000000000000, 1.000000000000000000 ) ) ;
#2910 = MECHANICAL_DESIGN_GEOMETRIC_PRESENTATION_REPRESENTATION (  '', ( #2607 ), #1931 ) ;
#2911 = MECHANICAL_DESIGN_GEOMETRIC_PRESENTATION_REPRESENTATION (  '', ( #2385 ), #1424 ) ;
#2912 = DIRECTION ( 'NONE',  ( 0.000000000000000000, -0.000000000000000000, -1.000000000000000000 ) ) ;
#2913 = PRESENTATION_STYLE_ASSIGNMENT (( #2364 ) ) ;
#2914 =( NAMED_UNIT ( * ) SI_UNIT ( $, .STERADIAN. ) SOLID_ANGLE_UNIT ( ) );
#2915 = STYLED_ITEM ( 'NONE', ( #2 ), #2224 ) ;
#2916 = VERTEX_POINT ( 'NONE', #1878 ) ;
#2917 = VECTOR ( 'NONE', #1284, 1000.000000000000000 ) ;
#2918 = CARTESIAN_POINT ( 'NONE',  ( -6.349999999999999645, -6.350000000000000533, 0.5699999999999999512 ) ) ;
#2919 = EDGE_CURVE ( 'NONE', #1633, #1844, #1057, .T. ) ;
#2920 = COLOUR_RGB ( '',0.8431372549019607865, 0.8431372549019607865, 0.8431372549019607865 ) ;
#2921 =( LENGTH_UNIT ( ) NAMED_UNIT ( * ) SI_UNIT ( .MILLI., .METRE. ) );
#2922 = PRESENTATION_LAYER_ASSIGNMENT (  '', '', ( #982 ) ) ;
#2923 = ORIENTED_EDGE ( 'NONE', *, *, #1055, .F. ) ;
#2924 = DIRECTION ( 'NONE',  ( 0.000000000000000000, 0.000000000000000000, 1.000000000000000000 ) ) ;
#2925 = CARTESIAN_POINT ( 'NONE',  ( -0.4900000000000010458, -6.350000000000000533, 0.000000000000000000 ) ) ;
#2926 = EDGE_CURVE ( 'NONE', #2291, #1864, #2098, .T. ) ;
#2927 = LINE ( 'NONE', #2296, #1694 ) ;
#2928 = SURFACE_STYLE_FILL_AREA ( #490 ) ;
#2929 = ORIENTED_EDGE ( 'NONE', *, *, #803, .T. ) ;
#2930 = SURFACE_SIDE_STYLE ('',( #1220 ) ) ;
#2931 = DIRECTION ( 'NONE',  ( 1.000000000000000000, 0.000000000000000000, 0.000000000000000000 ) ) ;
#2932 = SURFACE_SIDE_STYLE ('',( #494 ) ) ;
#2933 = VERTEX_POINT ( 'NONE', #2660 ) ;
#2934 = FACE_OUTER_BOUND ( 'NONE', #1245, .T. ) ;
#2935 = CARTESIAN_POINT ( 'NONE',  ( -5.000000000000000000, -5.000000000000000000, 4.320000000000000284 ) ) ;
#2936 =( LENGTH_UNIT ( ) NAMED_UNIT ( * ) SI_UNIT ( .MILLI., .METRE. ) );
#2937 = ORIENTED_EDGE ( 'NONE', *, *, #1442, .F. ) ;
#2938 = DIRECTION ( 'NONE',  ( -0.000000000000000000, 0.000000000000000000, 1.000000000000000000 ) ) ;
#2939 = DIRECTION ( 'NONE',  ( 1.000000000000000000, 0.000000000000000000, 0.000000000000000000 ) ) ;
#2940 = CARTESIAN_POINT ( 'NONE',  ( 5.250000000000000888, -5.250000000000000000, 4.320000000000000284 ) ) ;
#2941 = ORIENTED_EDGE ( 'NONE', *, *, #1965, .F. ) ;
#2942 = PRESENTATION_STYLE_ASSIGNMENT (( #3301 ) ) ;
#2943 = FILL_AREA_STYLE ('',( #2636 ) ) ;
#2944 = DIRECTION ( 'NONE',  ( 0.000000000000000000, 0.000000000000000000, -1.000000000000000000 ) ) ;
#2945 = EDGE_CURVE ( 'NONE', #1051, #3324, #794, .T. ) ;
#2946 = ORIENTED_EDGE ( 'NONE', *, *, #1689, .T. ) ;
#2947 = CARTESIAN_POINT ( 'NONE',  ( -6.350000000000001421, 6.349999999999998757, 0.5699999999999999512 ) ) ;
#2948 =( NAMED_UNIT ( * ) SI_UNIT ( $, .STERADIAN. ) SOLID_ANGLE_UNIT ( ) );
#2949 = ORIENTED_EDGE ( 'NONE', *, *, #3339, .T. ) ;
#2950 = CARTESIAN_POINT ( 'NONE',  ( -5.250000000000000888, 5.250000000000000000, 0.5699999999999999512 ) ) ;
#2951 = VERTEX_POINT ( 'NONE', #14 ) ;
#2952 = PRESENTATION_STYLE_ASSIGNMENT (( #1301 ) ) ;
#2953 = FILL_AREA_STYLE ('',( #1856 ) ) ;
#2954 = VECTOR ( 'NONE', #1758, 1000.000000000000000 ) ;
#2955 = ORIENTED_EDGE ( 'NONE', *, *, #3059, .F. ) ;
#2956 = SURFACE_STYLE_FILL_AREA ( #244 ) ;
#2957 = DIRECTION ( 'NONE',  ( 1.000000000000000000, 0.000000000000000000, 0.000000000000000000 ) ) ;
#2958 = EDGE_LOOP ( 'NONE', ( #1601, #2147, #779, #2139 ) ) ;
#2959 =( GEOMETRIC_REPRESENTATION_CONTEXT ( 3 ) GLOBAL_UNCERTAINTY_ASSIGNED_CONTEXT ( ( #3409 ) ) GLOBAL_UNIT_ASSIGNED_CONTEXT ( ( #2571, #453, #1536 ) ) REPRESENTATION_CONTEXT ( 'NONE', 'WORKASPACE' ) );
#2960 = EDGE_CURVE ( 'NONE', #3204, #1633, #2166, .T. ) ;
#2961 = CARTESIAN_POINT ( 'NONE',  ( 1.004999999999999893, -4.900000000000000355, 0.5700000000000001732 ) ) ;
#2962 = VERTEX_POINT ( 'NONE', #339 ) ;
#2963 = CARTESIAN_POINT ( 'NONE',  ( 0.7599999999999993427, 6.349999999999997868, 0.5699999999999999512 ) ) ;
#2964 = CARTESIAN_POINT ( 'NONE',  ( -6.349999999999999645, -6.350000000000000533, 0.5699999999999999512 ) ) ;
#2965 = EDGE_CURVE ( 'NONE', #3516, #515, #194, .T. ) ;
#2966 = VERTEX_POINT ( 'NONE', #3351 ) ;
#2967 = SURFACE_SIDE_STYLE ('',( #561 ) ) ;
#2968 = SURFACE_SIDE_STYLE ('',( #809 ) ) ;
#2969 = COLOUR_RGB ( '',0.8431372549019607865, 0.8431372549019607865, 0.8431372549019607865 ) ;
#2970 = AXIS2_PLACEMENT_3D ( 'NONE', #734, #2912, #3143 ) ;
#2971 = EDGE_LOOP ( 'NONE', ( #2946, #1034, #265, #2719, #1710, #1324 ) ) ;
#2972 = AXIS2_PLACEMENT_3D ( 'NONE', #1818, #682, #257 ) ;
#2973 = DIRECTION ( 'NONE',  ( 0.000000000000000000, 0.000000000000000000, -1.000000000000000000 ) ) ;
#2974 = AXIS2_PLACEMENT_3D ( 'NONE', #3447, #2348, #1005 ) ;
#2975 = CARTESIAN_POINT ( 'NONE',  ( -1.004999999999999005, 6.350999999999999091, 4.570000000000000284 ) ) ;
#2976 = ORIENTED_EDGE ( 'NONE', *, *, #1653, .T. ) ;
#2977 = COLOUR_RGB ( '',0.8627450980392157298, 0.5882352941176470784, 0.06274509803921568540 ) ;
#2978 = FILL_AREA_STYLE ('',( #508 ) ) ;
#2979 = FACE_OUTER_BOUND ( 'NONE', #1027, .T. ) ;
#2980 = EDGE_CURVE ( 'NONE', #2826, #538, #136, .T. ) ;
#2981 = VERTEX_POINT ( 'NONE', #830 ) ;
#2982 = ADVANCED_FACE ( 'NONE', ( #2729 ), #50, .T. ) ;
#2983 = ORIENTED_EDGE ( 'NONE', *, *, #2693, .T. ) ;
#2984 =( NAMED_UNIT ( * ) SI_UNIT ( $, .STERADIAN. ) SOLID_ANGLE_UNIT ( ) );
#2985 = ORIENTED_EDGE ( 'NONE', *, *, #1968, .F. ) ;
#2986 = LINE ( 'NONE', #2998, #628 ) ;
#2987 = CARTESIAN_POINT ( 'NONE',  ( 0.000000000000000000, -4.900000000000000355, 1.779999999999999805 ) ) ;
#2988 = ORIENTED_EDGE ( 'NONE', *, *, #1904, .F. ) ;
#2989 = CARTESIAN_POINT ( 'NONE',  ( -1.780000000000000693, 6.349999999999997868, 0.000000000000000000 ) ) ;
#2990 = ORIENTED_EDGE ( 'NONE', *, *, #1887, .F. ) ;
#2991 = SPHERICAL_SURFACE ( 'NONE', #471, 0.2500000000000000000 ) ;
#2992 = LINE ( 'NONE', #2950, #1719 ) ;
#2993 = ORIENTED_EDGE ( 'NONE', *, *, #551, .F. ) ;
#2994 = PRESENTATION_STYLE_ASSIGNMENT (( #7 ) ) ;
#2995 = SURFACE_STYLE_FILL_AREA ( #1104 ) ;
#2996 = EDGE_CURVE ( 'NONE', #429, #3450, #63, .T. ) ;
#2997 = ORIENTED_EDGE ( 'NONE', *, *, #1277, .F. ) ;
#2998 = CARTESIAN_POINT ( 'NONE',  ( -5.250000000000000000, -4.900000000000000355, 0.5700000000000001732 ) ) ;
#2999 = VECTOR ( 'NONE', #1154, 1000.000000000000000 ) ;
#3000 = EDGE_CURVE ( 'NONE', #1619, #3367, #3295, .T. ) ;
#3001 = DIRECTION ( 'NONE',  ( -0.000000000000000000, 0.000000000000000000, 1.000000000000000000 ) ) ;
#3002 = FILL_AREA_STYLE_COLOUR ( '', #3305 ) ;
#3003 = PRESENTATION_LAYER_ASSIGNMENT (  '', '', ( #3480 ) ) ;
#3004 = CARTESIAN_POINT ( 'NONE',  ( 6.349999999999997868, 6.349999999999997868, 0.000000000000000000 ) ) ;
#3005 = CIRCLE ( 'NONE', #1069, 0.2500000000000002220 ) ;
#3006 = LINE ( 'NONE', #18, #1117 ) ;
#3007 = CARTESIAN_POINT ( 'NONE',  ( -6.349999999999999645, -3.830000000000000959, 0.000000000000000000 ) ) ;
#3008 = ORIENTED_EDGE ( 'NONE', *, *, #3518, .T. ) ;
#3009 = VECTOR ( 'NONE', #2862, 1000.000000000000000 ) ;
#3010 = ORIENTED_EDGE ( 'NONE', *, *, #1868, .T. ) ;
#3011 = DIRECTION ( 'NONE',  ( -0.000000000000000000, -1.000000000000000000, -0.000000000000000000 ) ) ;
#3012 = MECHANICAL_DESIGN_GEOMETRIC_PRESENTATION_REPRESENTATION (  '', ( #1756 ), #1483 ) ;
#3013 =( LENGTH_UNIT ( ) NAMED_UNIT ( * ) SI_UNIT ( .MILLI., .METRE. ) );
#3014 = CIRCLE ( 'NONE', #1987, 0.5000000000000000000 ) ;
#3015 = ORIENTED_EDGE ( 'NONE', *, *, #3360, .F. ) ;
#3016 = ADVANCED_FACE ( 'NONE', ( #362 ), #3333, .F. ) ;
#3017 =( NAMED_UNIT ( * ) SI_UNIT ( $, .STERADIAN. ) SOLID_ANGLE_UNIT ( ) );
#3018 = CIRCLE ( 'NONE', #409, 0.3999999999999993006 ) ;
#3019 =( NAMED_UNIT ( * ) PLANE_ANGLE_UNIT ( ) SI_UNIT ( $, .RADIAN. ) );
#3020 = FILL_AREA_STYLE_COLOUR ( '', #3137 ) ;
#3021 = VECTOR ( 'NONE', #2057, 1000.000000000000000 ) ;
#3022 = EDGE_CURVE ( 'NONE', #426, #126, #306, .T. ) ;
#3023 = LINE ( 'NONE', #3004, #1686 ) ;
#3024 = VECTOR ( 'NONE', #3120, 1000.000000000000000 ) ;
#3025 = VECTOR ( 'NONE', #2452, 1000.000000000000000 ) ;
#3026 = FILL_AREA_STYLE_COLOUR ( '', #2892 ) ;
#3027 = FILL_AREA_STYLE ('',( #344 ) ) ;
#3028 = ORIENTED_EDGE ( 'NONE', *, *, #2377, .T. ) ;
#3029 = VERTEX_POINT ( 'NONE', #3449 ) ;
#3030 = ORIENTED_EDGE ( 'NONE', *, *, #1074, .T. ) ;
#3031 = DIRECTION ( 'NONE',  ( 1.365923996832131609E-16, -1.000000000000000000, 0.000000000000000000 ) ) ;
#3032 = CARTESIAN_POINT ( 'NONE',  ( 0.000000000000000000, 0.000000000000000000, 0.5699999999999999512 ) ) ;
#3033 = SURFACE_STYLE_USAGE ( .BOTH. , #929 ) ;
#3034 = CARTESIAN_POINT ( 'NONE',  ( 5.249999999999999112, 5.000000000000000000, 4.320000000000000284 ) ) ;
#3035 = CARTESIAN_POINT ( 'NONE',  ( 4.899999999999999467, 4.900000000000000355, 0.5699999999999999512 ) ) ;
#3036 = ORIENTED_EDGE ( 'NONE', *, *, #332, .F. ) ;
#3037 = SURFACE_SIDE_STYLE ('',( #101 ) ) ;
#3038 = CARTESIAN_POINT ( 'NONE',  ( -5.000000000000000000, 5.000000000000000000, 4.570000000000000284 ) ) ;
#3039 = FILL_AREA_STYLE ('',( #272 ) ) ;
#3040 = EDGE_CURVE ( 'NONE', #2962, #184, #2576, .T. ) ;
#3041 = DIRECTION ( 'NONE',  ( -0.000000000000000000, -0.000000000000000000, 1.000000000000000000 ) ) ;
#3042 = ORIENTED_EDGE ( 'NONE', *, *, #78, .T. ) ;
#3043 = ORIENTED_EDGE ( 'NONE', *, *, #1209, .T. ) ;
#3044 = CARTESIAN_POINT ( 'NONE',  ( -6.350000000000001421, 6.349999999999998757, 0.5699999999999999512 ) ) ;
#3045 = PRODUCT_CONTEXT ( 'NONE', #954, 'mechanical' ) ;
#3046 = ORIENTED_EDGE ( 'NONE', *, *, #3059, .T. ) ;
#3047 = DIRECTION ( 'NONE',  ( -0.000000000000000000, -1.000000000000000000, -0.000000000000000000 ) ) ;
#3048 = DIRECTION ( 'NONE',  ( 1.000000000000000000, -0.000000000000000000, -0.000000000000000000 ) ) ;
#3049 = LINE ( 'NONE', #2271, #1370 ) ;
#3050 =( LENGTH_UNIT ( ) NAMED_UNIT ( * ) SI_UNIT ( .MILLI., .METRE. ) );
#3051 = ORIENTED_EDGE ( 'NONE', *, *, #1548, .T. ) ;
#3052 = CARTESIAN_POINT ( 'NONE',  ( 3.299999999999998934, 6.349999999999997868, 0.000000000000000000 ) ) ;
#3053 = CARTESIAN_POINT ( 'NONE',  ( 5.249999999999999112, 5.250000000000000000, 4.570000000000000284 ) ) ;
#3054 = DIRECTION ( 'NONE',  ( 1.000000000000000000, -6.829619984160658046E-17, 0.000000000000000000 ) ) ;
#3055 = VECTOR ( 'NONE', #2311, 1000.000000000000000 ) ;
#3056 = VECTOR ( 'NONE', #383, 1000.000000000000000 ) ;
#3057 = SURFACE_STYLE_USAGE ( .BOTH. , #1125 ) ;
#3058 = ORIENTED_EDGE ( 'NONE', *, *, #3064, .T. ) ;
#3059 = EDGE_CURVE ( 'NONE', #2291, #169, #3466, .T. ) ;
#3060 = VECTOR ( 'NONE', #798, 1000.000000000000000 ) ;
#3061 = PLANE ( 'NONE',  #805 ) ;
#3062 = DIRECTION ( 'NONE',  ( 1.000000000000000000, 0.000000000000000000, 0.000000000000000000 ) ) ;
#3063 = VERTEX_POINT ( 'NONE', #1843 ) ;
#3064 = EDGE_CURVE ( 'NONE', #2169, #426, #1267, .T. ) ;
#3065 = PLANE ( 'NONE',  #3195 ) ;
#3066 = MECHANICAL_DESIGN_GEOMETRIC_PRESENTATION_REPRESENTATION (  '', ( #1476 ), #1358 ) ;
#3067 = SURFACE_STYLE_USAGE ( .BOTH. , #2512 ) ;
#3068 = ADVANCED_FACE ( 'NONE', ( #487 ), #2991, .T. ) ;
#3069 = ORIENTED_EDGE ( 'NONE', *, *, #2710, .T. ) ;
#3070 = PRESENTATION_STYLE_ASSIGNMENT (( #634 ) ) ;
#3071 = SURFACE_SIDE_STYLE ('',( #665 ) ) ;
#3072 = UNCERTAINTY_MEASURE_WITH_UNIT (LENGTH_MEASURE( 1.000000000000000082E-05 ), #2556, 'distance_accuracy_value', 'NONE');
#3073 =( NAMED_UNIT ( * ) PLANE_ANGLE_UNIT ( ) SI_UNIT ( $, .RADIAN. ) );
#3074 = SURFACE_STYLE_USAGE ( .BOTH. , #1379 ) ;
#3075 = PRESENTATION_LAYER_ASSIGNMENT (  '', '', ( #527 ) ) ;
#3076 = CARTESIAN_POINT ( 'NONE',  ( 6.349999999999997868, 3.789999999999998703, 0.000000000000000000 ) ) ;
#3077 = AXIS2_PLACEMENT_3D ( 'NONE', #858, #535, #807 ) ;
#3078 = CARTESIAN_POINT ( 'NONE',  ( 4.900000000000001243, -4.900000000000000355, 4.220000000000000639 ) ) ;
#3079 = CARTESIAN_POINT ( 'NONE',  ( 6.349999999999997868, 6.349999999999997868, 0.5699999999999999512 ) ) ;
#3080 = ORIENTED_EDGE ( 'NONE', *, *, #2197, .F. ) ;
#3081 =( GEOMETRIC_REPRESENTATION_CONTEXT ( 3 ) GLOBAL_UNCERTAINTY_ASSIGNED_CONTEXT ( ( #3369 ) ) GLOBAL_UNIT_ASSIGNED_CONTEXT ( ( #2749, #2765, #1123 ) ) REPRESENTATION_CONTEXT ( 'NONE', 'WORKASPACE' ) );
#3082 =( GEOMETRIC_REPRESENTATION_CONTEXT ( 3 ) GLOBAL_UNCERTAINTY_ASSIGNED_CONTEXT ( ( #3072 ) ) GLOBAL_UNIT_ASSIGNED_CONTEXT ( ( #2556, #730, #2321 ) ) REPRESENTATION_CONTEXT ( 'NONE', 'WORKASPACE' ) );
#3083 = DIRECTION ( 'NONE',  ( 0.000000000000000000, 0.000000000000000000, -1.000000000000000000 ) ) ;
#3084 = COLOUR_RGB ( '',0.8627450980392157298, 0.5882352941176470784, 0.06274509803921568540 ) ;
#3085 = EDGE_CURVE ( 'NONE', #2309, #2002, #2073, .T. ) ;
#3086 = VECTOR ( 'NONE', #1966, 1000.000000000000000 ) ;
#3087 = ORIENTED_EDGE ( 'NONE', *, *, #1611, .F. ) ;
#3088 = LINE ( 'NONE', #941, #3056 ) ;
#3089 = DIRECTION ( 'NONE',  ( 1.000000000000000000, 0.000000000000000000, -0.000000000000000000 ) ) ;
#3090 =( LENGTH_UNIT ( ) NAMED_UNIT ( * ) SI_UNIT ( .MILLI., .METRE. ) );
#3091 = EDGE_CURVE ( 'NONE', #811, #1735, #3311, .T. ) ;
#3092 = ORIENTED_EDGE ( 'NONE', *, *, #547, .T. ) ;
#3093 =( NAMED_UNIT ( * ) SI_UNIT ( $, .STERADIAN. ) SOLID_ANGLE_UNIT ( ) );
#3094 = SURFACE_STYLE_USAGE ( .BOTH. , #2199 ) ;
#3095 = FILL_AREA_STYLE ('',( #2597 ) ) ;
#3096 = LINE ( 'NONE', #657, #1407 ) ;
#3097 = CYLINDRICAL_SURFACE ( 'NONE', #3371, 0.3999999999999993006 ) ;
#3098 = ORIENTED_EDGE ( 'NONE', *, *, #3501, .F. ) ;
#3099 = ORIENTED_EDGE ( 'NONE', *, *, #740, .T. ) ;
#3100 = DIRECTION ( 'NONE',  ( 1.000000000000000000, -6.829619984160658046E-17, 0.000000000000000000 ) ) ;
#3101 = SURFACE_STYLE_FILL_AREA ( #3326 ) ;
#3102 = DIRECTION ( 'NONE',  ( -1.000000000000000000, -1.365923996832131856E-16, 0.000000000000000000 ) ) ;
#3103 = DIRECTION ( 'NONE',  ( 1.000000000000000000, 0.000000000000000000, 0.000000000000000000 ) ) ;
#3104 = VERTEX_POINT ( 'NONE', #316 ) ;
#3105 = FACE_OUTER_BOUND ( 'NONE', #3241, .T. ) ;
#3106 = ADVANCED_FACE ( 'NONE', ( #1169 ), #3061, .F. ) ;
#3107 = FILL_AREA_STYLE ('',( #2236 ) ) ;
#3108 = CARTESIAN_POINT ( 'NONE',  ( -4.900000000000000355, -4.047688110612551530E-16, 4.220000000000000639 ) ) ;
#3109 = DIRECTION ( 'NONE',  ( -1.365923996832131856E-16, 1.000000000000000000, -0.000000000000000000 ) ) ;
#3110 =( NAMED_UNIT ( * ) SI_UNIT ( $, .STERADIAN. ) SOLID_ANGLE_UNIT ( ) );
#3111 = EDGE_CURVE ( 'NONE', #768, #1434, #2038, .T. ) ;
#3112 = PLANE ( 'NONE',  #1871 ) ;
#3113 = SURFACE_STYLE_USAGE ( .BOTH. , #2902 ) ;
#3114 = VERTEX_POINT ( 'NONE', #898 ) ;
#3115 = AXIS2_PLACEMENT_3D ( 'NONE', #434, #2049, #2032 ) ;
#3116 = PLANE ( 'NONE',  #2389 ) ;
#3117 = CARTESIAN_POINT ( 'NONE',  ( 6.349999999999997868, 6.349999999999997868, 0.5699999999999999512 ) ) ;
#3118 = FILL_AREA_STYLE ('',( #985 ) ) ;
#3119 = LINE ( 'NONE', #496, #2142 ) ;
#3120 = DIRECTION ( 'NONE',  ( -0.000000000000000000, -0.000000000000000000, 1.000000000000000000 ) ) ;
#3121 = ORIENTED_EDGE ( 'NONE', *, *, #1454, .T. ) ;
#3122 = COLOUR_RGB ( '',0.8431372549019607865, 0.8431372549019607865, 0.8431372549019607865 ) ;
#3123 = CARTESIAN_POINT ( 'NONE',  ( 6.350000000000001421, -0.8900000000000014566, 0.5699999999999999512 ) ) ;
#3124 = COLOUR_RGB ( '',0.8431372549019607865, 0.8431372549019607865, 0.8431372549019607865 ) ;
#3125 = ADVANCED_FACE ( 'NONE', ( #2806 ), #2763, .F. ) ;
#3126 = ORIENTED_EDGE ( 'NONE', *, *, #3339, .F. ) ;
#3127 =( LENGTH_UNIT ( ) NAMED_UNIT ( * ) SI_UNIT ( .MILLI., .METRE. ) );
#3128 = PRESENTATION_LAYER_ASSIGNMENT (  '', '', ( #1126 ) ) ;
#3129 = CARTESIAN_POINT ( 'NONE',  ( -6.349999999999999645, -6.350000000000000533, 0.5699999999999999512 ) ) ;
#3130 = FILL_AREA_STYLE ('',( #2077 ) ) ;
#3131 = LINE ( 'NONE', #2044, #756 ) ;
#3132 = EDGE_CURVE ( 'NONE', #1132, #120, #84, .T. ) ;
#3133 = AXIS2_PLACEMENT_3D ( 'NONE', #754, #1841, #2034 ) ;
#3134 = ORIENTED_EDGE ( 'NONE', *, *, #2873, .F. ) ;
#3135 = EDGE_CURVE ( 'NONE', #3029, #423, #1035, .T. ) ;
#3136 =( LENGTH_UNIT ( ) NAMED_UNIT ( * ) SI_UNIT ( .MILLI., .METRE. ) );
#3137 = COLOUR_RGB ( '',0.8431372549019607865, 0.8431372549019607865, 0.8431372549019607865 ) ;
#3138 = AXIS2_PLACEMENT_3D ( 'NONE', #145, #676, #938 ) ;
#3139 = AXIS2_PLACEMENT_3D ( 'NONE', #3123, #2861, #2308 ) ;
#3140 = VERTEX_POINT ( 'NONE', #1510 ) ;
#3141 = CIRCLE ( 'NONE', #203, 0.3999999999999993006 ) ;
#3142 = DIRECTION ( 'NONE',  ( 1.426581805901979882E-16, 1.000000000000000000, -0.000000000000000000 ) ) ;
#3143 = DIRECTION ( 'NONE',  ( 1.000000000000000000, 0.000000000000000000, 0.000000000000000000 ) ) ;
#3144 = LINE ( 'NONE', #2289, #3024 ) ;
#3145 = VECTOR ( 'NONE', #2939, 1000.000000000000000 ) ;
#3146 = SURFACE_SIDE_STYLE ('',( #1762 ) ) ;
#3147 =( NAMED_UNIT ( * ) PLANE_ANGLE_UNIT ( ) SI_UNIT ( $, .RADIAN. ) );
#3148 = SURFACE_STYLE_USAGE ( .BOTH. , #207 ) ;
#3149 = ORIENTED_EDGE ( 'NONE', *, *, #759, .F. ) ;
#3150 = SURFACE_STYLE_USAGE ( .BOTH. , #1200 ) ;
#3151 = PRESENTATION_STYLE_ASSIGNMENT (( #1806 ) ) ;
#3152 = SURFACE_SIDE_STYLE ('',( #976 ) ) ;
#3153 = ORIENTED_EDGE ( 'NONE', *, *, #2159, .T. ) ;
#3154 = UNCERTAINTY_MEASURE_WITH_UNIT (LENGTH_MEASURE( 1.000000000000000082E-05 ), #2670, 'distance_accuracy_value', 'NONE');
#3155 = DIRECTION ( 'NONE',  ( 0.000000000000000000, 0.000000000000000000, 1.000000000000000000 ) ) ;
#3156 = ADVANCED_FACE ( 'NONE', ( #2040 ), #1228, .T. ) ;
#3157 = CARTESIAN_POINT ( 'NONE',  ( 2.805000000000000160, 4.900000000000000355, 4.570000000000000284 ) ) ;
#3158 = ORIENTED_EDGE ( 'NONE', *, *, #2535, .T. ) ;
#3159 = CARTESIAN_POINT ( 'NONE',  ( -6.350000000000000533, -1.290000000000000924, 0.000000000000000000 ) ) ;
#3160 = DIRECTION ( 'NONE',  ( 0.000000000000000000, 0.000000000000000000, -1.000000000000000000 ) ) ;
#3161 = FILL_AREA_STYLE_COLOUR ( '', #2977 ) ;
#3162 = VERTEX_POINT ( 'NONE', #1822 ) ;
#3163 = LINE ( 'NONE', #1800, #1246 ) ;
#3164 = LINE ( 'NONE', #720, #262 ) ;
#3165 = FILL_AREA_STYLE ('',( #3448 ) ) ;
#3166 = ORIENTED_EDGE ( 'NONE', *, *, #1946, .F. ) ;
#3167 =( NAMED_UNIT ( * ) PLANE_ANGLE_UNIT ( ) SI_UNIT ( $, .RADIAN. ) );
#3168 = DIRECTION ( 'NONE',  ( 0.000000000000000000, 0.000000000000000000, -1.000000000000000000 ) ) ;
#3169 = ORIENTED_EDGE ( 'NONE', *, *, #592, .F. ) ;
#3170 = DIRECTION ( 'NONE',  ( -0.000000000000000000, 0.000000000000000000, 1.000000000000000000 ) ) ;
#3171 = PLANE ( 'NONE',  #309 ) ;
#3172 = CIRCLE ( 'NONE', #1400, 0.5000000000000000000 ) ;
#3173 = FILL_AREA_STYLE ('',( #1276 ) ) ;
#3174 = ADVANCED_FACE ( 'NONE', ( #3485 ), #181, .T. ) ;
#3175 =( NAMED_UNIT ( * ) PLANE_ANGLE_UNIT ( ) SI_UNIT ( $, .RADIAN. ) );
#3176 = SURFACE_STYLE_FILL_AREA ( #716 ) ;
#3177 = AXIS2_PLACEMENT_3D ( 'NONE', #3487, #1575, #1028 ) ;
#3178 = DIRECTION ( 'NONE',  ( -0.000000000000000000, 0.000000000000000000, 1.000000000000000000 ) ) ;
#3179 = DIRECTION ( 'NONE',  ( -0.000000000000000000, -0.000000000000000000, 1.000000000000000000 ) ) ;
#3180 = AXIS2_PLACEMENT_3D ( 'NONE', #1185, #365, #605 ) ;
#3181 = EDGE_CURVE ( 'NONE', #184, #1765, #2632, .T. ) ;
#3182 = EDGE_LOOP ( 'NONE', ( #3269, #1380, #2235, #748 ) ) ;
#3183 = EDGE_CURVE ( 'NONE', #247, #2724, #3164, .T. ) ;
#3184 = COLOUR_RGB ( '',0.8431372549019607865, 0.8431372549019607865, 0.8431372549019607865 ) ;
#3185 = CARTESIAN_POINT ( 'NONE',  ( -5.250000000000000888, 5.250000000000000000, 1.779999999999999805 ) ) ;
#3186 = VERTEX_POINT ( 'NONE', #3465 ) ;
#3187 = AXIS2_PLACEMENT_3D ( 'NONE', #1814, #1017, #2084 ) ;
#3188 = SURFACE_SIDE_STYLE ('',( #974 ) ) ;
#3189 = COLOUR_RGB ( '',0.8431372549019607865, 0.8431372549019607865, 0.8431372549019607865 ) ;
#3190 = SURFACE_STYLE_USAGE ( .BOTH. , #671 ) ;
#3191 = LINE ( 'NONE', #1598, #3432 ) ;
#3192 = ORIENTED_EDGE ( 'NONE', *, *, #2048, .T. ) ;
#3193 = AXIS2_PLACEMENT_3D ( 'NONE', #1743, #2860, #1196 ) ;
#3194 = DIRECTION ( 'NONE',  ( 1.000000000000000000, 0.000000000000000000, 0.000000000000000000 ) ) ;
#3195 = AXIS2_PLACEMENT_3D ( 'NONE', #913, #3102, #612 ) ;
#3196 = CARTESIAN_POINT ( 'NONE',  ( 4.999999999999999112, 5.000000000000000000, 0.5700000000000001732 ) ) ;
#3197 = STYLED_ITEM ( 'NONE', ( #710 ), #2843 ) ;
#3198 = VECTOR ( 'NONE', #1302, 1000.000000000000000 ) ;
#3199 = LINE ( 'NONE', #2203, #568 ) ;
#3200 =( NAMED_UNIT ( * ) PLANE_ANGLE_UNIT ( ) SI_UNIT ( $, .RADIAN. ) );
#3201 = CARTESIAN_POINT ( 'NONE',  ( -3.830000000000002292, -6.350000000000000533, 0.000000000000000000 ) ) ;
#3202 = VECTOR ( 'NONE', #624, 1000.000000000000000 ) ;
#3203 = VECTOR ( 'NONE', #1889, 1000.000000000000000 ) ;
#3204 = VERTEX_POINT ( 'NONE', #500 ) ;
#3205 = CIRCLE ( 'NONE', #1552, 0.3999999999999993006 ) ;
#3206 = VECTOR ( 'NONE', #2871, 1000.000000000000000 ) ;
#3207 = PRESENTATION_STYLE_ASSIGNMENT (( #1801 ) ) ;
#3208 = EDGE_CURVE ( 'NONE', #2951, #1368, #2071, .T. ) ;
#3209 = DIRECTION ( 'NONE',  ( 1.652117596168388002E-16, -1.000000000000000000, -0.000000000000000000 ) ) ;
#3210 = AXIS2_PLACEMENT_3D ( 'NONE', #2434, #2104, #2403 ) ;
#3211 = AXIS2_PLACEMENT_3D ( 'NONE', #2549, #1808, #1499 ) ;
#3212 = EDGE_LOOP ( 'NONE', ( #1643, #1039, #937, #1842 ) ) ;
#3213 = LINE ( 'NONE', #2075, #1973 ) ;
#3214 = SURFACE_STYLE_FILL_AREA ( #2096 ) ;
#3215 =( LENGTH_UNIT ( ) NAMED_UNIT ( * ) SI_UNIT ( .MILLI., .METRE. ) );
#3216 = CARTESIAN_POINT ( 'NONE',  ( 5.249999999999999112, 5.000000000000000000, 4.570000000000000284 ) ) ;
#3217 = VERTEX_POINT ( 'NONE', #1573 ) ;
#3218 = FACE_OUTER_BOUND ( 'NONE', #1105, .T. ) ;
#3219 = LINE ( 'NONE', #526, #2333 ) ;
#3220 = ORIENTED_EDGE ( 'NONE', *, *, #2383, .F. ) ;
#3221 = DIRECTION ( 'NONE',  ( 1.000000000000000000, 0.000000000000000000, 0.000000000000000000 ) ) ;
#3222 = LINE ( 'NONE', #1872, #1146 ) ;
#3223 = PLANE ( 'NONE',  #198 ) ;
#3224 = VERTEX_POINT ( 'NONE', #2653 ) ;
#3225 = CARTESIAN_POINT ( 'NONE',  ( -6.349999999999999645, -3.030000000000002469, 0.5699999999999999512 ) ) ;
#3226 = ORIENTED_EDGE ( 'NONE', *, *, #1995, .T. ) ;
#3227 = ADVANCED_FACE ( 'NONE', ( #550 ), #2690, .F. ) ;
#3228 = CARTESIAN_POINT ( 'NONE',  ( 4.999999999999999112, 5.000000000000000000, 4.320000000000000284 ) ) ;
#3229 = LINE ( 'NONE', #2987, #2899 ) ;
#3230 =( NAMED_UNIT ( * ) SI_UNIT ( $, .STERADIAN. ) SOLID_ANGLE_UNIT ( ) );
#3231 = ADVANCED_FACE ( 'NONE', ( #47 ), #2175, .T. ) ;
#3232 = UNCERTAINTY_MEASURE_WITH_UNIT (LENGTH_MEASURE( 1.000000000000000082E-05 ), #3215, 'distance_accuracy_value', 'NONE');
#3233 = CARTESIAN_POINT ( 'NONE',  ( -6.350000000000002309, 1.649999999999998579, 0.000000000000000000 ) ) ;
#3234 = FILL_AREA_STYLE_COLOUR ( '', #2857 ) ;
#3235 = ORIENTED_EDGE ( 'NONE', *, *, #947, .T. ) ;
#3236 = LINE ( 'NONE', #529, #1374 ) ;
#3237 = EDGE_LOOP ( 'NONE', ( #2470, #542, #1612, #1512 ) ) ;
#3238 = FACE_OUTER_BOUND ( 'NONE', #1408, .T. ) ;
#3239 = PRESENTATION_STYLE_ASSIGNMENT (( #3257 ) ) ;
#3240 = STYLED_ITEM ( 'NONE', ( #2942 ), #326 ) ;
#3241 = EDGE_LOOP ( 'NONE', ( #458, #1566, #2317, #3015 ) ) ;
#3242 = AXIS2_PLACEMENT_3D ( 'NONE', #1164, #3355, #1721 ) ;
#3243 = DIRECTION ( 'NONE',  ( -1.000000000000000000, 7.988858113051083393E-15, 0.000000000000000000 ) ) ;
#3244 = ADVANCED_FACE ( 'NONE', ( #840 ), #2137, .T. ) ;
#3245 = MECHANICAL_DESIGN_GEOMETRIC_PRESENTATION_REPRESENTATION (  '', ( #457 ), #292 ) ;
#3246 = DIRECTION ( 'NONE',  ( 1.000000000000000000, 0.000000000000000000, 0.000000000000000000 ) ) ;
#3247 = VERTEX_POINT ( 'NONE', #1303 ) ;
#3248 = CARTESIAN_POINT ( 'NONE',  ( -0.1300000000000016420, -6.350000000000000533, 0.5699999999999999512 ) ) ;
#3249 = EDGE_CURVE ( 'NONE', #3516, #1676, #289, .T. ) ;
#3250 = AXIS2_PLACEMENT_3D ( 'NONE', #1629, #2442, #1377 ) ;
#3251 = ORIENTED_EDGE ( 'NONE', *, *, #2891, .T. ) ;
#3252 = DIRECTION ( 'NONE',  ( 0.000000000000000000, 0.000000000000000000, -1.000000000000000000 ) ) ;
#3253 = AXIS2_PLACEMENT_3D ( 'NONE', #2894, #1572, #46 ) ;
#3254 = PRESENTATION_STYLE_ASSIGNMENT (( #256 ) ) ;
#3255 = VERTEX_POINT ( 'NONE', #2162 ) ;
#3256 = FACE_OUTER_BOUND ( 'NONE', #3408, .T. ) ;
#3257 = SURFACE_STYLE_USAGE ( .BOTH. , #1626 ) ;
#3258 = CIRCLE ( 'NONE', #2441, 0.3999999999999997446 ) ;
#3259 = ORIENTED_EDGE ( 'NONE', *, *, #2422, .F. ) ;
#3260 = MECHANICAL_DESIGN_GEOMETRIC_PRESENTATION_REPRESENTATION (  '', ( #527 ), #3081 ) ;
#3261 = MECHANICAL_DESIGN_GEOMETRIC_PRESENTATION_REPRESENTATION (  '', ( #2505 ), #1258 ) ;
#3262 = CARTESIAN_POINT ( 'NONE',  ( 2.540000000000000480, 6.349999999999997868, 0.5699999999999999512 ) ) ;
#3263 = DIRECTION ( 'NONE',  ( 1.000000000000000000, -0.000000000000000000, 0.000000000000000000 ) ) ;
#3264 =( GEOMETRIC_REPRESENTATION_CONTEXT ( 3 ) GLOBAL_UNCERTAINTY_ASSIGNED_CONTEXT ( ( #2494 ) ) GLOBAL_UNIT_ASSIGNED_CONTEXT ( ( #3357, #1108, #2813 ) ) REPRESENTATION_CONTEXT ( 'NONE', 'WORKASPACE' ) );
#3265 = DIRECTION ( 'NONE',  ( 0.000000000000000000, -1.000000000000000000, 0.000000000000000000 ) ) ;
#3266 = VERTEX_POINT ( 'NONE', #826 ) ;
#3267 = DIRECTION ( 'NONE',  ( 1.000000000000000000, -5.706327223607917555E-16, 0.000000000000000000 ) ) ;
#3268 = CARTESIAN_POINT ( 'NONE',  ( 2.805000000000000160, 6.350999999999999091, 0.5700000000000001732 ) ) ;
#3269 = ORIENTED_EDGE ( 'NONE', *, *, #2242, .F. ) ;
#3270 = ADVANCED_FACE ( 'NONE', ( #2388 ), #2109, .F. ) ;
#3271 = LINE ( 'NONE', #1570, #2215 ) ;
#3272 = ORIENTED_EDGE ( 'NONE', *, *, #1989, .T. ) ;
#3273 = EDGE_CURVE ( 'NONE', #2466, #1, #3205, .T. ) ;
#3274 = SURFACE_STYLE_FILL_AREA ( #3288 ) ;
#3275 =( NAMED_UNIT ( * ) SI_UNIT ( $, .STERADIAN. ) SOLID_ANGLE_UNIT ( ) );
#3276 = ORIENTED_EDGE ( 'NONE', *, *, #186, .T. ) ;
#3277 = CARTESIAN_POINT ( 'NONE',  ( -6.350000000000002309, 1.649999999999998579, 0.5699999999999999512 ) ) ;
#3278 = LINE ( 'NONE', #520, #1696 ) ;
#3279 = SURFACE_STYLE_FILL_AREA ( #1927 ) ;
#3280 = DIRECTION ( 'NONE',  ( -0.000000000000000000, -1.000000000000000000, -0.000000000000000000 ) ) ;
#3281 = LINE ( 'NONE', #832, #3060 ) ;
#3282 = LINE ( 'NONE', #2718, #1770 ) ;
#3283 = VERTEX_POINT ( 'NONE', #3035 ) ;
#3284 = ORIENTED_EDGE ( 'NONE', *, *, #2430, .F. ) ;
#3285 = CARTESIAN_POINT ( 'NONE',  ( -6.350000000000001421, 6.349999999999998757, 0.000000000000000000 ) ) ;
#3286 = EDGE_CURVE ( 'NONE', #1082, #51, #980, .T. ) ;
#3287 = ORIENTED_EDGE ( 'NONE', *, *, #2242, .T. ) ;
#3288 = FILL_AREA_STYLE ('',( #1391 ) ) ;
#3289 = FILL_AREA_STYLE ('',( #3515 ) ) ;
#3290 = EDGE_CURVE ( 'NONE', #768, #574, #2760, .T. ) ;
#3291 = VERTEX_POINT ( 'NONE', #2250 ) ;
#3292 = ADVANCED_FACE ( 'NONE', ( #880 ), #649, .F. ) ;
#3293 =( LENGTH_UNIT ( ) NAMED_UNIT ( * ) SI_UNIT ( .MILLI., .METRE. ) );
#3294 =( GEOMETRIC_REPRESENTATION_CONTEXT ( 3 ) GLOBAL_UNCERTAINTY_ASSIGNED_CONTEXT ( ( #1464 ) ) GLOBAL_UNIT_ASSIGNED_CONTEXT ( ( #2350, #2742, #1917 ) ) REPRESENTATION_CONTEXT ( 'NONE', 'WORKASPACE' ) );
#3295 = LINE ( 'NONE', #846, #1131 ) ;
#3296 = DIRECTION ( 'NONE',  ( 0.000000000000000000, 1.000000000000000000, -0.000000000000000000 ) ) ;
#3297 = LINE ( 'NONE', #3007, #642 ) ;
#3298 = EDGE_LOOP ( 'NONE', ( #2634, #2079, #2929, #2997 ) ) ;
#3299 = LINE ( 'NONE', #273, #1254 ) ;
#3300 = EDGE_LOOP ( 'NONE', ( #2898, #3235, #1305, #1819 ) ) ;
#3301 = SURFACE_STYLE_USAGE ( .BOTH. , #210 ) ;
#3302 = PRESENTATION_STYLE_ASSIGNMENT (( #3067 ) ) ;
#3303 =( GEOMETRIC_REPRESENTATION_CONTEXT ( 3 ) GLOBAL_UNCERTAINTY_ASSIGNED_CONTEXT ( ( #2352 ) ) GLOBAL_UNIT_ASSIGNED_CONTEXT ( ( #1795, #3200, #2854 ) ) REPRESENTATION_CONTEXT ( 'NONE', 'WORKASPACE' ) );
#3304 = EDGE_LOOP ( 'NONE', ( #3251, #2650, #3320, #281, #2179, #312, #3042, #2545, #1171, #861 ) ) ;
#3305 = COLOUR_RGB ( '',0.8431372549019607865, 0.8431372549019607865, 0.8431372549019607865 ) ;
#3306 = LINE ( 'NONE', #2709, #2030 ) ;
#3307 = EDGE_CURVE ( 'NONE', #3063, #2577, #587, .T. ) ;
#3308 = AXIS2_PLACEMENT_3D ( 'NONE', #2016, #702, #680 ) ;
#3309 =( NAMED_UNIT ( * ) SI_UNIT ( $, .STERADIAN. ) SOLID_ANGLE_UNIT ( ) );
#3310 = FILL_AREA_STYLE ('',( #2728 ) ) ;
#3311 = CIRCLE ( 'NONE', #2446, 0.5000000000000000000 ) ;
#3312 = STYLED_ITEM ( 'NONE', ( #1534 ), #2483 ) ;
#3313 = ORIENTED_EDGE ( 'NONE', *, *, #2945, .F. ) ;
#3314 = DIRECTION ( 'NONE',  ( -0.000000000000000000, -0.000000000000000000, 1.000000000000000000 ) ) ;
#3315 = MECHANICAL_DESIGN_GEOMETRIC_PRESENTATION_REPRESENTATION (  '', ( #1317 ), #202 ) ;
#3316 = MECHANICAL_DESIGN_GEOMETRIC_PRESENTATION_REPRESENTATION (  '', ( #982 ), #3264 ) ;
#3317 = FILL_AREA_STYLE_COLOUR ( '', #2830 ) ;
#3318 = FILL_AREA_STYLE ('',( #1383 ) ) ;
#3319 = CIRCLE ( 'NONE', #264, 0.4000000000000004108 ) ;
#3320 = ORIENTED_EDGE ( 'NONE', *, *, #2919, .T. ) ;
#3321 = CARTESIAN_POINT ( 'NONE',  ( -2.305000000000000604, -4.900000000000000355, 1.279999999999999805 ) ) ;
#3322 = LINE ( 'NONE', #875, #1197 ) ;
#3323 = APPLICATION_PROTOCOL_DEFINITION ( 'draft international standard', 'automotive_design', 1998, #954 ) ;
#3324 = VERTEX_POINT ( 'NONE', #2543 ) ;
#3325 = CARTESIAN_POINT ( 'NONE',  ( 4.999999999999999112, 5.250000000000000000, 4.570000000000000284 ) ) ;
#3326 = FILL_AREA_STYLE ('',( #2473 ) ) ;
#3327 = CARTESIAN_POINT ( 'NONE',  ( -2.305000000000000604, -5.250000000000000000, 1.279999999999999805 ) ) ;
#3328 = CARTESIAN_POINT ( 'NONE',  ( 6.350000000000001421, -3.430000000000001492, 0.5699999999999999512 ) ) ;
#3329 = ORIENTED_EDGE ( 'NONE', *, *, #1791, .T. ) ;
#3330 = CARTESIAN_POINT ( 'NONE',  ( -2.670000000000002149, -3.810000000000000941, 0.5699999999999999512 ) ) ;
#3331 = UNCERTAINTY_MEASURE_WITH_UNIT (LENGTH_MEASURE( 1.000000000000000082E-05 ), #2502, 'distance_accuracy_value', 'NONE');
#3332 =( LENGTH_UNIT ( ) NAMED_UNIT ( * ) SI_UNIT ( .MILLI., .METRE. ) );
#3333 = PLANE ( 'NONE',  #584 ) ;
#3334 = EDGE_CURVE ( 'NONE', #2349, #2054, #2272, .T. ) ;
#3335 = PLANE ( 'NONE',  #1577 ) ;
#3336 = LINE ( 'NONE', #528, #1873 ) ;
#3337 = CARTESIAN_POINT ( 'NONE',  ( 6.350000000000000533, 4.189999999999998614, 0.5699999999999999512 ) ) ;
#3338 = SURFACE_SIDE_STYLE ('',( #1682 ) ) ;
#3339 = EDGE_CURVE ( 'NONE', #2981, #367, #3383, .T. ) ;
#3340 = ORIENTED_EDGE ( 'NONE', *, *, #390, .F. ) ;
#3341 = ORIENTED_EDGE ( 'NONE', *, *, #2553, .T. ) ;
#3342 = ORIENTED_EDGE ( 'NONE', *, *, #374, .F. ) ;
#3343 = CARTESIAN_POINT ( 'NONE',  ( -5.250000000000000000, -5.000000000000000000, 4.320000000000000284 ) ) ;
#3344 =( NAMED_UNIT ( * ) PLANE_ANGLE_UNIT ( ) SI_UNIT ( $, .RADIAN. ) );
#3345 = DIRECTION ( 'NONE',  ( -6.829619984160658046E-17, -1.000000000000000000, 0.000000000000000000 ) ) ;
#3346 = DIRECTION ( 'NONE',  ( -0.000000000000000000, -0.000000000000000000, 1.000000000000000000 ) ) ;
#3347 = ORIENTED_EDGE ( 'NONE', *, *, #764, .F. ) ;
#3348 = DIRECTION ( 'NONE',  ( 0.000000000000000000, 0.000000000000000000, -1.000000000000000000 ) ) ;
#3349 = DIRECTION ( 'NONE',  ( 1.000000000000000000, 0.000000000000000000, 0.000000000000000000 ) ) ;
#3350 = DIRECTION ( 'NONE',  ( -1.000000000000000000, -1.365923996832131856E-16, 0.000000000000000000 ) ) ;
#3351 = CARTESIAN_POINT ( 'NONE',  ( -1.290000000000001812, -6.350000000000000533, 0.000000000000000000 ) ) ;
#3352 = DIRECTION ( 'NONE',  ( 0.000000000000000000, -0.000000000000000000, -1.000000000000000000 ) ) ;
#3353 = AXIS2_PLACEMENT_3D ( 'NONE', #2674, #2655, #2924 ) ;
#3354 = EDGE_CURVE ( 'NONE', #1765, #3186, #437, .T. ) ;
#3355 = DIRECTION ( 'NONE',  ( 1.000000000000000000, 0.000000000000000000, 0.000000000000000000 ) ) ;
#3356 = MECHANICAL_DESIGN_GEOMETRIC_PRESENTATION_REPRESENTATION (  '', ( #3480 ), #897 ) ;
#3357 =( LENGTH_UNIT ( ) NAMED_UNIT ( * ) SI_UNIT ( .MILLI., .METRE. ) );
#3358 = ORIENTED_EDGE ( 'NONE', *, *, #1650, .F. ) ;
#3359 = AXIS2_PLACEMENT_3D ( 'NONE', #955, #1830, #3168 ) ;
#3360 = EDGE_CURVE ( 'NONE', #2966, #2467, #3144, .T. ) ;
#3361 = AXIS2_PLACEMENT_3D ( 'NONE', #441, #182, #1784 ) ;
#3362 = ORIENTED_EDGE ( 'NONE', *, *, #1693, .T. ) ;
#3363 = DIRECTION ( 'NONE',  ( 0.000000000000000000, -0.000000000000000000, 1.000000000000000000 ) ) ;
#3364 =( NAMED_UNIT ( * ) PLANE_ANGLE_UNIT ( ) SI_UNIT ( $, .RADIAN. ) );
#3365 = AXIS2_PLACEMENT_3D ( 'NONE', #1557, #3160, #2067 ) ;
#3366 = DIRECTION ( 'NONE',  ( -0.000000000000000000, 0.000000000000000000, 1.000000000000000000 ) ) ;
#3367 = VERTEX_POINT ( 'NONE', #1018 ) ;
#3368 = COLOUR_RGB ( '',0.8431372549019607865, 0.8431372549019607865, 0.8431372549019607865 ) ;
#3369 = UNCERTAINTY_MEASURE_WITH_UNIT (LENGTH_MEASURE( 1.000000000000000082E-05 ), #2749, 'distance_accuracy_value', 'NONE');
#3370 = VECTOR ( 'NONE', #2070, 1000.000000000000000 ) ;
#3371 = AXIS2_PLACEMENT_3D ( 'NONE', #995, #1514, #673 ) ;
#3372 = AXIS2_PLACEMENT_3D ( 'NONE', #3327, #629, #879 ) ;
#3373 = FILL_AREA_STYLE_COLOUR ( '', #3124 ) ;
#3374 = CARTESIAN_POINT ( 'NONE',  ( -5.950000000000002842, 1.649999999999998579, 0.000000000000000000 ) ) ;
#3375 = STYLED_ITEM ( 'NONE', ( #836 ), #3106 ) ;
#3376 = CIRCLE ( 'NONE', #307, 0.3999999999999993006 ) ;
#3377 = DIRECTION ( 'NONE',  ( -0.000000000000000000, 0.000000000000000000, 1.000000000000000000 ) ) ;
#3378 = CARTESIAN_POINT ( 'NONE',  ( -6.350000000000001421, 3.789999999999998703, 0.000000000000000000 ) ) ;
#3379 = STYLED_ITEM ( 'NONE', ( #3254 ), #3424 ) ;
#3380 =( GEOMETRIC_REPRESENTATION_CONTEXT ( 3 ) GLOBAL_UNCERTAINTY_ASSIGNED_CONTEXT ( ( #3331 ) ) GLOBAL_UNIT_ASSIGNED_CONTEXT ( ( #2502, #1444, #366 ) ) REPRESENTATION_CONTEXT ( 'NONE', 'WORKASPACE' ) );
#3381 = ORIENTED_EDGE ( 'NONE', *, *, #1505, .T. ) ;
#3382 = CARTESIAN_POINT ( 'NONE',  ( 0.000000000000000000, 0.000000000000000000, 4.570000000000000284 ) ) ;
#3383 = LINE ( 'NONE', #663, #3442 ) ;
#3384 = ADVANCED_FACE ( 'NONE', ( #986 ), #3398, .F. ) ;
#3385 = EDGE_LOOP ( 'NONE', ( #2551, #2859, #2130, #872 ) ) ;
#3386 =( LENGTH_UNIT ( ) NAMED_UNIT ( * ) SI_UNIT ( .MILLI., .METRE. ) );
#3387 = PRESENTATION_STYLE_ASSIGNMENT (( #2278 ) ) ;
#3388 = DIRECTION ( 'NONE',  ( 0.000000000000000000, -1.000000000000000000, 0.000000000000000000 ) ) ;
#3389 = DIRECTION ( 'NONE',  ( -1.000000000000000000, 0.000000000000000000, 0.000000000000000000 ) ) ;
#3390 = DIRECTION ( 'NONE',  ( 0.000000000000000000, 0.000000000000000000, 1.000000000000000000 ) ) ;
#3391 = DIRECTION ( 'NONE',  ( 0.000000000000000000, 0.000000000000000000, -1.000000000000000000 ) ) ;
#3392 = CARTESIAN_POINT ( 'NONE',  ( -4.999999999999999112, -5.000000000000000000, 4.570000000000000284 ) ) ;
#3393 = VERTEX_POINT ( 'NONE', #455 ) ;
#3394 = CARTESIAN_POINT ( 'NONE',  ( -2.805000000000000604, 6.350999999999999979, 0.000000000000000000 ) ) ;
#3395 = FACE_OUTER_BOUND ( 'NONE', #2567, .T. ) ;
#3396 = LINE ( 'NONE', #1779, #516 ) ;
#3397 =( LENGTH_UNIT ( ) NAMED_UNIT ( * ) SI_UNIT ( .MILLI., .METRE. ) );
#3398 = CYLINDRICAL_SURFACE ( 'NONE', #1999, 0.3999999999999993006 ) ;
#3399 = ADVANCED_FACE ( 'NONE', ( #1521 ), #2053, .F. ) ;
#3400 = ORIENTED_EDGE ( 'NONE', *, *, #2644, .T. ) ;
#3401 = FILL_AREA_STYLE_COLOUR ( '', #2605 ) ;
#3402 =( NAMED_UNIT ( * ) PLANE_ANGLE_UNIT ( ) SI_UNIT ( $, .RADIAN. ) );
#3403 = EDGE_CURVE ( 'NONE', #228, #2054, #2454, .T. ) ;
#3404 = EDGE_CURVE ( 'NONE', #1901, #1434, #3416, .T. ) ;
#3405 = ORIENTED_EDGE ( 'NONE', *, *, #148, .F. ) ;
#3406 = SURFACE_SIDE_STYLE ('',( #1460 ) ) ;
#3407 = DIRECTION ( 'NONE',  ( 1.000000000000000000, 1.365923996832131609E-16, -0.000000000000000000 ) ) ;
#3408 = EDGE_LOOP ( 'NONE', ( #1666, #141, #275, #277 ) ) ;
#3409 = UNCERTAINTY_MEASURE_WITH_UNIT (LENGTH_MEASURE( 1.000000000000000082E-05 ), #2571, 'distance_accuracy_value', 'NONE');
#3410 = SURFACE_STYLE_USAGE ( .BOTH. , #2930 ) ;
#3411 = COLOUR_RGB ( '',0.8627450980392157298, 0.5882352941176470784, 0.06274509803921568540 ) ;
#3412 = PRESENTATION_LAYER_ASSIGNMENT (  '', '', ( #563 ) ) ;
#3413 = FILL_AREA_STYLE ('',( #2065 ) ) ;
#3414 = FACE_OUTER_BOUND ( 'NONE', #686, .T. ) ;
#3415 = CARTESIAN_POINT ( 'NONE',  ( -0.5049999999999985612, 4.900000000000000355, 1.779999999999999805 ) ) ;
#3416 = LINE ( 'NONE', #1282, #484 ) ;
#3417 = FACE_OUTER_BOUND ( 'NONE', #1349, .T. ) ;
#3418 = ORIENTED_EDGE ( 'NONE', *, *, #3286, .F. ) ;
#3419 =( GEOMETRIC_REPRESENTATION_CONTEXT ( 3 ) GLOBAL_UNCERTAINTY_ASSIGNED_CONTEXT ( ( #2568 ) ) GLOBAL_UNIT_ASSIGNED_CONTEXT ( ( #662, #1155, #110 ) ) REPRESENTATION_CONTEXT ( 'NONE', 'WORKASPACE' ) );
#3420 = DIRECTION ( 'NONE',  ( 1.000000000000000000, 0.000000000000000000, 0.000000000000000000 ) ) ;
#3421 = FILL_AREA_STYLE ('',( #1542 ) ) ;
#3422 = VECTOR ( 'NONE', #1044, 1000.000000000000000 ) ;
#3423 = ORIENTED_EDGE ( 'NONE', *, *, #2869, .T. ) ;
#3424 = ADVANCED_FACE ( 'NONE', ( #965 ), #2611, .T. ) ;
#3425 = DIRECTION ( 'NONE',  ( -0.000000000000000000, -0.000000000000000000, 1.000000000000000000 ) ) ;
#3426 = PLANE ( 'NONE',  #298 ) ;
#3427 = AXIS2_PLACEMENT_3D ( 'NONE', #3277, #565, #1646 ) ;
#3428 = FILL_AREA_STYLE ('',( #213 ) ) ;
#3429 = AXIS2_PLACEMENT_3D ( 'NONE', #479, #2889, #2356 ) ;
#3430 = ORIENTED_EDGE ( 'NONE', *, *, #1505, .F. ) ;
#3431 = FACE_OUTER_BOUND ( 'NONE', #501, .T. ) ;
#3432 = VECTOR ( 'NONE', #506, 1000.000000000000000 ) ;
#3433 = MECHANICAL_DESIGN_GEOMETRIC_PRESENTATION_REPRESENTATION (  '', ( #2091 ), #1764 ) ;
#3434 = CARTESIAN_POINT ( 'NONE',  ( -5.950000000000002842, 4.189999999999998614, 0.000000000000000000 ) ) ;
#3435 = SURFACE_SIDE_STYLE ('',( #1790 ) ) ;
#3436 = MECHANICAL_DESIGN_GEOMETRIC_PRESENTATION_REPRESENTATION (  '', ( #1988 ), #1136 ) ;
#3437 = VECTOR ( 'NONE', #1293, 1000.000000000000000 ) ;
#3438 = LINE ( 'NONE', #3117, #2954 ) ;
#3439 = SURFACE_SIDE_STYLE ('',( #3176 ) ) ;
#3440 = SURFACE_STYLE_USAGE ( .BOTH. , #717 ) ;
#3441 = DIRECTION ( 'NONE',  ( 1.000000000000000000, 0.000000000000000000, 0.000000000000000000 ) ) ;
#3442 = VECTOR ( 'NONE', #2744, 1000.000000000000000 ) ;
#3443 = AXIS2_PLACEMENT_3D ( 'NONE', #2989, #1165, #2465 ) ;
#3444 = ORIENTED_EDGE ( 'NONE', *, *, #2589, .T. ) ;
#3445 = AXIS2_PLACEMENT_3D ( 'NONE', #1796, #480, #1225 ) ;
#3446 = DIRECTION ( 'NONE',  ( 1.365923996832131609E-16, -1.000000000000000000, 0.000000000000000000 ) ) ;
#3447 = CARTESIAN_POINT ( 'NONE',  ( 0.000000000000000000, 0.000000000000000000, 4.570000000000000284 ) ) ;
#3448 = FILL_AREA_STYLE_COLOUR ( '', #1184 ) ;
#3449 = CARTESIAN_POINT ( 'NONE',  ( 6.349999999999998757, -0.4900000000000019340, 0.5699999999999999512 ) ) ;
#3450 = VERTEX_POINT ( 'NONE', #804 ) ;
#3451 = SURFACE_SIDE_STYLE ('',( #1217 ) ) ;
#3452 = SURFACE_SIDE_STYLE ('',( #1234 ) ) ;
#3453 = EDGE_CURVE ( 'NONE', #358, #909, #2992, .T. ) ;
#3454 = DIRECTION ( 'NONE',  ( 1.365923996832131609E-16, -1.000000000000000000, 0.000000000000000000 ) ) ;
#3455 = ORIENTED_EDGE ( 'NONE', *, *, #2377, .F. ) ;
#3456 = CARTESIAN_POINT ( 'NONE',  ( 5.000000000000000000, 8.260587980841939766E-16, 4.320000000000000284 ) ) ;
#3457 = EDGE_CURVE ( 'NONE', #70, #1569, #559, .T. ) ;
#3458 = EDGE_CURVE ( 'NONE', #1615, #2467, #3319, .T. ) ;
#3459 = CARTESIAN_POINT ( 'NONE',  ( 5.250000000000000888, -4.999999999999996447, 0.5699999999999999512 ) ) ;
#3460 = DIRECTION ( 'NONE',  ( -1.365923996832131609E-16, 1.000000000000000000, 0.000000000000000000 ) ) ;
#3461 = DIRECTION ( 'NONE',  ( 1.000000000000000000, 0.000000000000000000, 0.000000000000000000 ) ) ;
#3462 = SURFACE_STYLE_USAGE ( .BOTH. , #1781 ) ;
#3463 = ORIENTED_EDGE ( 'NONE', *, *, #2594, .F. ) ;
#3464 = CARTESIAN_POINT ( 'NONE',  ( -5.950000000000002842, 4.189999999999998614, 0.5699999999999999512 ) ) ;
#3465 = CARTESIAN_POINT ( 'NONE',  ( -3.830000000000002292, -6.350000000000000533, 0.5699999999999999512 ) ) ;
#3466 = LINE ( 'NONE', #2616, #2391 ) ;
#3467 = ORIENTED_EDGE ( 'NONE', *, *, #3403, .T. ) ;
#3468 = CARTESIAN_POINT ( 'NONE',  ( 6.349999999999997868, 6.349999999999997868, 0.5699999999999999512 ) ) ;
#3469 = DIRECTION ( 'NONE',  ( 1.000000000000000000, 0.000000000000000000, 0.000000000000000000 ) ) ;
#3470 = FACE_OUTER_BOUND ( 'NONE', #3298, .T. ) ;
#3471 = DIRECTION ( 'NONE',  ( -0.000000000000000000, 1.000000000000000000, 0.000000000000000000 ) ) ;
#3472 = ORIENTED_EDGE ( 'NONE', *, *, #1729, .T. ) ;
#3473 = SURFACE_STYLE_USAGE ( .BOTH. , #998 ) ;
#3474 = EDGE_LOOP ( 'NONE', ( #1273, #1798, #1290, #2058 ) ) ;
#3475 = CARTESIAN_POINT ( 'NONE',  ( 1.519999999999989138, 4.829999999999992077, 0.5699999999999999512 ) ) ;
#3476 = ADVANCED_FACE ( 'NONE', ( #23 ), #2417, .F. ) ;
#3477 = CIRCLE ( 'NONE', #3177, 0.4000000000000001887 ) ;
#3478 = DIRECTION ( 'NONE',  ( 1.000000000000000000, 0.000000000000000000, 0.000000000000000000 ) ) ;
#3479 = APPLICATION_CONTEXT ( 'automotive_design' ) ;
#3480 = STYLED_ITEM ( 'NONE', ( #2663 ), #654 ) ;
#3481 = ORIENTED_EDGE ( 'NONE', *, *, #3290, .T. ) ;
#3482 = CARTESIAN_POINT ( 'NONE',  ( -5.250000000000000888, 5.250000000000000000, 0.5699999999999999512 ) ) ;
#3483 = MECHANICAL_DESIGN_GEOMETRIC_PRESENTATION_REPRESENTATION (  '', ( #843 ), #343 ) ;
#3484 = CARTESIAN_POINT ( 'NONE',  ( 0.3599999999999998201, 6.349999999999997868, 0.000000000000000000 ) ) ;
#3485 = FACE_OUTER_BOUND ( 'NONE', #926, .T. ) ;
#3486 = ORIENTED_EDGE ( 'NONE', *, *, #180, .F. ) ;
#3487 = CARTESIAN_POINT ( 'NONE',  ( 4.189999999999998614, -6.350000000000000533, 0.5699999999999999512 ) ) ;
#3488 = CYLINDRICAL_SURFACE ( 'NONE', #3250, 0.2500000000000002220 ) ;
#3489 = PRESENTATION_LAYER_ASSIGNMENT (  '', '', ( #1983 ) ) ;
#3490 = SPHERICAL_SURFACE ( 'NONE', #176, 0.2500000000000000000 ) ;
#3491 =( NAMED_UNIT ( * ) PLANE_ANGLE_UNIT ( ) SI_UNIT ( $, .RADIAN. ) );
#3492 = ORIENTED_EDGE ( 'NONE', *, *, #1541, .F. ) ;
#3493 = COLOUR_RGB ( '',0.8627450980392157298, 0.5882352941176470784, 0.06274509803921568540 ) ;
#3494 = CARTESIAN_POINT ( 'NONE',  ( -4.720000000000000639, 6.349999999999998757, 0.000000000000000000 ) ) ;
#3495 = VECTOR ( 'NONE', #549, 1000.000000000000000 ) ;
#3496 = ORIENTED_EDGE ( 'NONE', *, *, #1729, .F. ) ;
#3497 = CIRCLE ( 'NONE', #1251, 0.3999999999999993006 ) ;
#3498 = AXIS2_PLACEMENT_3D ( 'NONE', #3394, #2555, #3083 ) ;
#3499 = DIRECTION ( 'NONE',  ( 0.000000000000000000, 0.000000000000000000, 1.000000000000000000 ) ) ;
#3500 = DIRECTION ( 'NONE',  ( 1.000000000000000000, 0.000000000000000000, 0.000000000000000000 ) ) ;
#3501 = EDGE_CURVE ( 'NONE', #1357, #2365, #3236, .T. ) ;
#3502 = ORIENTED_EDGE ( 'NONE', *, *, #3403, .F. ) ;
#3503 = PLANE ( 'NONE',  #2260 ) ;
#3504 = CIRCLE ( 'NONE', #1437, 0.3999999999999995226 ) ;
#3505 = ORIENTED_EDGE ( 'NONE', *, *, #1653, .F. ) ;
#3506 = CYLINDRICAL_SURFACE ( 'NONE', #3353, 0.2500000000000002220 ) ;
#3507 = CARTESIAN_POINT ( 'NONE',  ( 2.805000000000000160, 4.900000000000000355, 1.279999999999999805 ) ) ;
#3508 = DIRECTION ( 'NONE',  ( 0.000000000000000000, 0.000000000000000000, -1.000000000000000000 ) ) ;
#3509 = ORIENTED_EDGE ( 'NONE', *, *, #1797, .T. ) ;
#3510 = SURFACE_STYLE_USAGE ( .BOTH. , #2932 ) ;
#3511 = ORIENTED_EDGE ( 'NONE', *, *, #235, .T. ) ;
#3512 =( LENGTH_UNIT ( ) NAMED_UNIT ( * ) SI_UNIT ( .MILLI., .METRE. ) );
#3513 = VERTEX_POINT ( 'NONE', #1337 ) ;
#3514 = ADVANCED_FACE ( 'NONE', ( #286 ), #1065, .F. ) ;
#3515 = FILL_AREA_STYLE_COLOUR ( '', #752 ) ;
#3516 = VERTEX_POINT ( 'NONE', #2381 ) ;
#3517 = CARTESIAN_POINT ( 'NONE',  ( -5.250000000000000888, 5.000000000000000000, 0.5699999999999999512 ) ) ;
#3518 = EDGE_CURVE ( 'NONE', #1082, #2466, #3271, .T. ) ;
#3519 = LINE ( 'NONE', #1343, #2544 ) ;
#3520 = EDGE_CURVE ( 'NONE', #238, #247, #3222, .T. ) ;
#3521 = DIRECTION ( 'NONE',  ( -0.000000000000000000, -1.000000000000000000, -0.000000000000000000 ) ) ;
#3522 = ORIENTED_EDGE ( 'NONE', *, *, #2357, .T. ) ;
#3523 = SURFACE_STYLE_USAGE ( .BOTH. , #1634 ) ;
#3524 = CYLINDRICAL_SURFACE ( 'NONE', #1939, 0.3999999999999993006 ) ;
ENDSEC;
END-ISO-10303-21;
